Date,Nifty
Jan-03-2005,2115
Jan-04-2005,2103.75
Jan-05-2005,2032.2
Jan-06-2005,1998.35
Jan-07-2005,2015.5
Jan-10-2005,1982
Jan-11-2005,1952.05
Jan-12-2005,1913.6
Jan-13-2005,1954.55
Jan-14-2005,1931.1
Jan-17-2005,1932.9
Jan-18-2005,1934.05
Jan-19-2005,1926.65
Jan-20-2005,1925.3
Jan-24-2005,1909
Jan-25-2005,1931.85
Jan-27-2005,1955
Jan-28-2005,2008.3
Jan-31-2005,2057.6
Feb-01-2005,2059.85
Feb-02-2005,2052.25
Feb-03-2005,2079.45
Feb-04-2005,2077.95
Feb-07-2005,2055.1
Feb-08-2005,2055.15
Feb-09-2005,2070
Feb-10-2005,2063.35
Feb-11-2005,2082.05
Feb-14-2005,2098.25
Feb-15-2005,2089.95
Feb-16-2005,2068.8
Feb-17-2005,2061.9
Feb-18-2005,2055.55
Feb-21-2005,2043.2
Feb-22-2005,2058.4
Feb-23-2005,2057.1
Feb-24-2005,2055.3
Feb-25-2005,2060.9
Feb-28-2005,2103.25
Mar-01-2005,2084.4
Mar-02-2005,2093.25
Mar-03-2005,2128.85
Mar-04-2005,2148.15
Mar-07-2005,2160.1
Mar-08-2005,2168.95
Mar-09-2005,2160.8
Mar-10-2005,2167.4
Mar-11-2005,2154
Mar-14-2005,2146.35
Mar-15-2005,2128.95
Mar-16-2005,2125.55
Mar-17-2005,2098.5
Mar-18-2005,2109.15
Mar-21-2005,2096.6
Mar-22-2005,2061.6
Mar-23-2005,2026.4
Mar-24-2005,2015.4
Mar-28-2005,2029.45
Mar-29-2005,1983.85
Mar-30-2005,1993.7
Mar-31-2005,2035.65
Apr-01-2005,2067.65
Apr-04-2005,2063.4
Apr-05-2005,2052.55
Apr-06-2005,2069.3
Apr-07-2005,2052.85
Apr-08-2005,2031.2
Apr-11-2005,2008.2
Apr-12-2005,2024.95
Apr-13-2005,2025.45
Apr-15-2005,1956.3
Apr-18-2005,1927.8
Apr-19-2005,1909.4
Apr-20-2005,1929.7
Apr-21-2005,1948.55
Apr-22-2005,1967.35
Apr-25-2005,1970.95
Apr-26-2005,1957.1
Apr-27-2005,1935.4
Apr-28-2005,1941.3
Apr-29-2005,1902.5
May-02-2005,1916.75
May-03-2005,1920.7
May-04-2005,1942.6
May-05-2005,1963.3
May-06-2005,1977.5
May-09-2005,2000.75
May-10-2005,1994.3
May-11-2005,1985.95
May-12-2005,1993.15
May-13-2005,1988.3
May-16-2005,2012.6
May-17-2005,1990.8
May-18-2005,1982.75
May-19-2005,1990.85
May-20-2005,1992.4
May-23-2005,2013.9
May-24-2005,2028.6
May-25-2005,2043.85
May-26-2005,2074.7
May-27-2005,2076.4
May-30-2005,2072.4
May-31-2005,2087.55
Jun-01-2005,2087.55
Jun-02-2005,2064.65
Jun-03-2005,2094.25
Jun-04-2005,2092.35
Jun-06-2005,2092.8
Jun-07-2005,2098.15
Jun-08-2005,2112.4
Jun-09-2005,2103.2
Jun-10-2005,2090.6
Jun-13-2005,2102.75
Jun-14-2005,2112.35
Jun-15-2005,2128.65
Jun-16-2005,2123.7
Jun-17-2005,2123.4
Jun-20-2005,2144.35
Jun-21-2005,2170
Jun-22-2005,2187.35
Jun-23-2005,2183.85
Jun-24-2005,2194.35
Jun-27-2005,2199.8
Jun-28-2005,2169.85
Jun-29-2005,2191.65
Jun-30-2005,2220.6
Jul-01-2005,2211.9
Jul-04-2005,2230.65
Jul-05-2005,2210.75
Jul-06-2005,2228.2
Jul-07-2005,2179.4
Jul-08-2005,2196.2
Jul-11-2005,2218.85
Jul-12-2005,2220.8
Jul-13-2005,2204.05
Jul-14-2005,2185.1
Jul-15-2005,2212.55
Jul-18-2005,2234
Jul-19-2005,2237.3
Jul-20-2005,2241.9
Jul-21-2005,2230.5
Jul-22-2005,2265.6
Jul-25-2005,2291.75
Jul-26-2005,2303.15
Jul-27-2005,2319.1
Jul-29-2005,2312.3
Aug-01-2005,2318.05
Aug-02-2005,2353.65
Aug-03-2005,2357
Aug-04-2005,2367.8
Aug-05-2005,2361.2
Aug-08-2005,2324.4
Aug-09-2005,2318.7
Aug-10-2005,2360.15
Aug-11-2005,2380.9
Aug-12-2005,2361.55
Aug-16-2005,2369.8
Aug-17-2005,2403.15
Aug-18-2005,2388.45
Aug-19-2005,2383.45
Aug-22-2005,2367.85
Aug-23-2005,2326.1
Aug-24-2005,2322.5
Aug-25-2005,2354.55
Aug-26-2005,2357.05
Aug-29-2005,2337.65
Aug-30-2005,2367.75
Aug-31-2005,2384.65
Sep-01-2005,2405.75
Sep-02-2005,2415.8
Sep-05-2005,2422.95
Sep-06-2005,2428.65
Sep-08-2005,2454.45
Sep-09-2005,2455.45
Sep-12-2005,2484.15
Sep-13-2005,2500.35
Sep-14-2005,2492.45
Sep-15-2005,2523.95
Sep-16-2005,2552.35
Sep-19-2005,2567.1
Sep-20-2005,2578
Sep-21-2005,2567.3
Sep-22-2005,2476.5
Sep-23-2005,2477.75
Sep-26-2005,2557.35
Sep-27-2005,2574.85
Sep-28-2005,2598.05
Sep-29-2005,2611.2
Sep-30-2005,2601.4
Oct-03-2005,2630.05
Oct-04-2005,2663.35
Oct-05-2005,2644.4
Oct-06-2005,2579.15
Oct-07-2005,2574.05
Oct-10-2005,2566.85
Oct-11-2005,2589.55
Oct-13-2005,2537.3
Oct-14-2005,2484.4
Oct-17-2005,2485.15
Oct-18-2005,2468.2
Oct-19-2005,2412.45
Oct-20-2005,2395.45
Oct-21-2005,2443.75
Oct-24-2005,2394.85
Oct-25-2005,2418.2
Oct-26-2005,2408.5
Oct-27-2005,2352.9
Oct-28-2005,2316.05
Oct-31-2005,2370.95
Nov-01-2005,2386.75
Nov-02-2005,2419.05
Nov-07-2005,2461.6
Nov-08-2005,2492.65
Nov-09-2005,2489.1
Nov-10-2005,2500.7
Nov-11-2005,2548.65
Nov-14-2005,2558.7
Nov-16-2005,2582.75
Nov-17-2005,2603.95
Nov-18-2005,2620.05
Nov-21-2005,2602.5
Nov-22-2005,2572.85
Nov-23-2005,2608.6
Nov-24-2005,2635
Nov-25-2005,2664.3
Nov-26-2005,2683.45
Nov-28-2005,2712
Nov-29-2005,2698.3
Nov-30-2005,2652.25
Dec-01-2005,2698.95
Dec-02-2005,2697.95
Dec-05-2005,2660.5
Dec-06-2005,2662.3
Dec-07-2005,2693
Dec-08-2005,2706.7
Dec-09-2005,2756.45
Dec-12-2005,2776.2
Dec-13-2005,2812.3
Dec-14-2005,2804.55
Dec-15-2005,2778.55
Dec-16-2005,2810.15
Dec-19-2005,2842.6
Dec-20-2005,2826.2
Dec-21-2005,2822.9
Dec-22-2005,2835.25
Dec-23-2005,2804.85
Dec-26-2005,2749.6
Dec-27-2005,2805.9
Dec-28-2005,2794.05
Dec-29-2005,2821.95
Dec-30-2005,2836.55
Jan-02-2006,2835.95
Jan-03-2006,2883.35
Jan-04-2006,2904.4
Jan-05-2006,2899.85
Jan-06-2006,2914
Jan-09-2006,2910.1
Jan-10-2006,2870.8
Jan-12-2006,2850.7
Jan-13-2006,2850.55
Jan-16-2006,2833.1
Jan-17-2006,2829.1
Jan-18-2006,2809.2
Jan-19-2006,2870.85
Jan-20-2006,2900.95
Jan-23-2006,2884.05
Jan-24-2006,2908
Jan-25-2006,2940.35
Jan-27-2006,2982.75
Jan-30-2006,2974.5
Jan-31-2006,3001.1
Feb-01-2006,2971.55
Feb-02-2006,2967.45
Feb-03-2006,2940.6
Feb-06-2006,3000.45
Feb-07-2006,3020.1
Feb-08-2006,3008.95
Feb-10-2006,3027.55
Feb-13-2006,3041.15
Feb-14-2006,3017.55
Feb-15-2006,3022.2
Feb-16-2006,3021.6
Feb-17-2006,2981.5
Feb-20-2006,3005.85
Feb-21-2006,3035.5
Feb-22-2006,3050.8
Feb-23-2006,3062.1
Feb-24-2006,3050.05
Feb-27-2006,3067.45
Feb-28-2006,3074.7
Mar-01-2006,3123.1
Mar-02-2006,3150.7
Mar-03-2006,3147.35
Mar-06-2006,3190.4
Mar-07-2006,3182.8
Mar-08-2006,3116.7
Mar-09-2006,3129.1
Mar-10-2006,3183.9
Mar-13-2006,3202.65
Mar-14-2006,3195.35
Mar-16-2006,3226.6
Mar-17-2006,3234.05
Mar-20-2006,3265.65
Mar-21-2006,3262.3
Mar-22-2006,3240.15
Mar-23-2006,3247.15
Mar-24-2006,3279.8
Mar-27-2006,3321.65
Mar-28-2006,3325
Mar-29-2006,3354.2
Mar-30-2006,3418.95
Mar-31-2006,3402.55
Apr-03-2006,3473.3
Apr-04-2006,3483.15
Apr-05-2006,3510.9
Apr-07-2006,3454.8
Apr-10-2006,3478.45
Apr-12-2006,3380
Apr-13-2006,3345.5
Apr-17-2006,3425.15
Apr-18-2006,3518.1
Apr-19-2006,3535.85
Apr-20-2006,3573.5
Apr-21-2006,3573.05
Apr-24-2006,3548.9
Apr-25-2006,3462.65
Apr-26-2006,3555.75
Apr-27-2006,3508.1
Apr-28-2006,3508.35
Apr-29-2006,3557.6
May-02-2006,3605.45
May-03-2006,3634.25
May-04-2006,3648.4
May-05-2006,3663.95
May-08-2006,3693.15
May-09-2006,3720.55
May-10-2006,3754.25
May-11-2006,3701.05
May-12-2006,3650.05
May-15-2006,3502.95
May-16-2006,3523.3
May-17-2006,3635.1
May-18-2006,3388.9
May-19-2006,3246.9
May-22-2006,3081.35
May-23-2006,3199.35
May-24-2006,3115.55
May-25-2006,3177.7
May-26-2006,3209.6
May-29-2006,3214.9
May-30-2006,3185.3
May-31-2006,3071.05
Jun-01-2006,2962.25
Jun-02-2006,3091.35
Jun-05-2006,3016.65
Jun-06-2006,2937.3
Jun-07-2006,2860.45
Jun-08-2006,2724.35
Jun-09-2006,2866.3
Jun-12-2006,2776.85
Jun-13-2006,2663.3
Jun-14-2006,2632.8
Jun-15-2006,2798.8
Jun-16-2006,2890.35
Jun-19-2006,2916.9
Jun-20-2006,2861.3
Jun-21-2006,2923.45
Jun-22-2006,2994.75
Jun-23-2006,3042.7
Jun-25-2006,3050.3
Jun-26-2006,2943.2
Jun-27-2006,2982.45
Jun-28-2006,2981.1
Jun-29-2006,2997.9
Jun-30-2006,3128.2
Jul-03-2006,3150.95
Jul-04-2006,3138.65
Jul-05-2006,3197.1
Jul-06-2006,3156.4
Jul-07-2006,3075.85
Jul-10-2006,3142
Jul-11-2006,3116.15
Jul-12-2006,3195.9
Jul-13-2006,3169.3
Jul-14-2006,3123.35
Jul-17-2006,3007.55
Jul-18-2006,2993.65
Jul-19-2006,2932.75
Jul-20-2006,3023.05
Jul-21-2006,2945
Jul-24-2006,2985.85
Jul-25-2006,3040.5
Jul-26-2006,3110.15
Jul-27-2006,3156.15
Jul-28-2006,3130.8
Jul-31-2006,3143.2
Aug-01-2006,3147.8
Aug-02-2006,3182.1
Aug-03-2006,3190
Aug-04-2006,3176.75
Aug-07-2006,3151.1
Aug-08-2006,3212.4
Aug-09-2006,3254.6
Aug-10-2006,3260.1
Aug-11-2006,3274.35
Aug-14-2006,3313.1
Aug-16-2006,3356.05
Aug-17-2006,3353.9
Aug-18-2006,3356.75
Aug-21-2006,3366
Aug-22-2006,3364.6
Aug-23-2006,3335.8
Aug-24-2006,3370.4
Aug-25-2006,3385.95
Aug-28-2006,3401.1
Aug-29-2006,3425.7
Aug-30-2006,3430.35
Aug-31-2006,3413.9
Sep-01-2006,3435.45
Sep-04-2006,3476.85
Sep-05-2006,3473.75
Sep-06-2006,3477.25
Sep-07-2006,3454.55
Sep-08-2006,3471.45
Sep-11-2006,3366.15
Sep-12-2006,3389.9
Sep-13-2006,3454.55
Sep-14-2006,3471.6
Sep-15-2006,3478.6
Sep-18-2006,3492.75
Sep-19-2006,3457.35
Sep-20-2006,3502.8
Sep-21-2006,3553.05
Sep-22-2006,3544.05
Sep-25-2006,3523.45
Sep-26-2006,3571.75
Sep-27-2006,3579.3
Sep-28-2006,3571.75
Sep-29-2006,3588.4
Oct-03-2006,3569.6
Oct-04-2006,3515.35
Oct-05-2006,3564.9
Oct-06-2006,3569.7
Oct-09-2006,3567.15
Oct-10-2006,3571.05
Oct-11-2006,3558.55
Oct-12-2006,3621.05
Oct-13-2006,3676.05
Oct-16-2006,3723.95
Oct-17-2006,3715
Oct-18-2006,3710.65
Oct-19-2006,3677.8
Oct-20-2006,3676.85
Oct-21-2006,3683.5
Oct-23-2006,3657.3
Oct-26-2006,3677.55
Oct-27-2006,3739.35
Oct-30-2006,3769.1
Oct-31-2006,3744.1
Nov-01-2006,3767.05
Nov-02-2006,3791.2
Nov-03-2006,3805.35
Nov-06-2006,3809.25
Nov-07-2006,3798.75
Nov-08-2006,3777.3
Nov-09-2006,3796.4
Nov-10-2006,3834.75
Nov-13-2006,3858.75
Nov-14-2006,3865.9
Nov-15-2006,3876.3
Nov-16-2006,3876.85
Nov-17-2006,3852.8
Nov-20-2006,3856.15
Nov-21-2006,3918.25
Nov-22-2006,3954.75
Nov-23-2006,3945.45
Nov-24-2006,3950.85
Nov-27-2006,3968.9
Nov-28-2006,3921.75
Nov-29-2006,3928.2
Nov-30-2006,3954.5
Dec-01-2006,3997.6
Dec-04-2006,4001
Dec-05-2006,4015.75
Dec-06-2006,4015.95
Dec-07-2006,4015.35
Dec-08-2006,3962
Dec-11-2006,3849.5
Dec-12-2006,3716.9
Dec-13-2006,3765.2
Dec-14-2006,3843.05
Dec-15-2006,3888.65
Dec-18-2006,3928.75
Dec-19-2006,3832
Dec-20-2006,3815.55
Dec-21-2006,3833.5
Dec-22-2006,3871.15
Dec-26-2006,3940.5
Dec-27-2006,3974.25
Dec-28-2006,3970.55
Dec-29-2006,3966.4
Jan-02-2007,4007.4
Jan-03-2007,4024.05
Jan-04-2007,3988.8
Jan-05-2007,3983.4
Jan-08-2007,3933.4
Jan-09-2007,3911.4
Jan-10-2007,3850.3
Jan-11-2007,3942.25
Jan-12-2007,4052.45
Jan-15-2007,4078.4
Jan-16-2007,4080.5
Jan-17-2007,4076.45
Jan-18-2007,4109.05
Jan-19-2007,4090.15
Jan-22-2007,4102.45
Jan-23-2007,4066.1
Jan-24-2007,4089.9
Jan-25-2007,4147.7
Jan-29-2007,4124.45
Jan-31-2007,4082.7
Feb-01-2007,4137.2
Feb-02-2007,4183.5
Feb-05-2007,4215.35
Feb-06-2007,4195.9
Feb-07-2007,4224.25
Feb-08-2007,4223.4
Feb-09-2007,4187.4
Feb-12-2007,4058.3
Feb-13-2007,4044.55
Feb-14-2007,4047.1
Feb-15-2007,4146.2
Feb-19-2007,4164.55
Feb-20-2007,4106.95
Feb-21-2007,4096.2
Feb-22-2007,4040
Feb-23-2007,3938.95
Feb-26-2007,3942
Feb-27-2007,3893.9
Feb-28-2007,3745.3
Mar-01-2007,3811.2
Mar-02-2007,3726.75
Mar-05-2007,3576.5
Mar-06-2007,3655.65
Mar-07-2007,3626.85
Mar-08-2007,3761.65
Mar-09-2007,3718
Mar-12-2007,3734.6
Mar-13-2007,3770.55
Mar-14-2007,3641.1
Mar-15-2007,3643.6
Mar-16-2007,3608.55
Mar-19-2007,3678.9
Mar-20-2007,3697.6
Mar-21-2007,3764.55
Mar-22-2007,3875.9
Mar-23-2007,3861.05
Mar-26-2007,3819.95
Mar-28-2007,3761.1
Mar-29-2007,3798.1
Mar-30-2007,3821.55
Apr-02-2007,3633.6
Apr-03-2007,3690.65
Apr-04-2007,3733.25
Apr-05-2007,3752
Apr-09-2007,3843.5
Apr-10-2007,3848.15
Apr-11-2007,3862.65
Apr-12-2007,3829.85
Apr-13-2007,3917.35
Apr-16-2007,4013.35
Apr-17-2007,3984.95
Apr-18-2007,4011.6
Apr-19-2007,3997.65
Apr-20-2007,4083.55
Apr-23-2007,4085.1
Apr-24-2007,4141.8
Apr-25-2007,4167.3
Apr-26-2007,4177.85
Apr-27-2007,4083.5
Apr-30-2007,4087.9
May-03-2007,4150.85
May-04-2007,4117.35
May-07-2007,4111.15
May-08-2007,4077
May-09-2007,4079.3
May-10-2007,4066.8
May-11-2007,4076.65
May-14-2007,4134.3
May-15-2007,4120.3
May-16-2007,4170.95
May-17-2007,4219.55
May-18-2007,4214.5
May-21-2007,4260.9
May-22-2007,4278.1
May-23-2007,4246.2
May-24-2007,4204.9
May-25-2007,4248.15
May-28-2007,4256.55
May-29-2007,4293.25
May-30-2007,4249.65
May-31-2007,4295.8
Jun-01-2007,4297.05
Jun-04-2007,4267.05
Jun-05-2007,4284.65
Jun-06-2007,4198.25
Jun-07-2007,4179.5
Jun-08-2007,4145
Jun-11-2007,4145.6
Jun-12-2007,4155.2
Jun-13-2007,4113.05
Jun-14-2007,4170
Jun-15-2007,4171.45
Jun-18-2007,4147.1
Jun-19-2007,4214.3
Jun-20-2007,4248.65
Jun-21-2007,4267.4
Jun-22-2007,4252.05
Jun-25-2007,4259.4
Jun-26-2007,4285.7
Jun-27-2007,4263.95
Jun-28-2007,4282
Jun-29-2007,4318.3
Jul-02-2007,4313.75
Jul-03-2007,4357.55
Jul-04-2007,4359.3
Jul-05-2007,4353.95
Jul-06-2007,4384.85
Jul-09-2007,4419.4
Jul-10-2007,4406.05
Jul-11-2007,4387.15
Jul-12-2007,4446.15
Jul-13-2007,4504.55
Jul-16-2007,4512.15
Jul-17-2007,4496.75
Jul-18-2007,4499.55
Jul-19-2007,4562.1
Jul-20-2007,4566.05
Jul-23-2007,4619.35
Jul-24-2007,4620.75
Jul-25-2007,4588.7
Jul-26-2007,4619.8
Jul-27-2007,4445.2
Jul-30-2007,4440.05
Jul-31-2007,4528.85
Aug-01-2007,4345.85
Aug-02-2007,4356.35
Aug-03-2007,4401.55
Aug-06-2007,4339.5
Aug-07-2007,4356.35
Aug-08-2007,4462.1
Aug-09-2007,4403.2
Aug-10-2007,4333.35
Aug-13-2007,4373.65
Aug-14-2007,4370.2
Aug-16-2007,4178.6
Aug-17-2007,4108.05
Aug-20-2007,4209.05
Aug-21-2007,4074.9
Aug-22-2007,4153.15
Aug-23-2007,4114.95
Aug-24-2007,4190.15
Aug-27-2007,4302.6
Aug-28-2007,4320.7
Aug-29-2007,4359.3
Aug-30-2007,4412.3
Aug-31-2007,4464
Sep-03-2007,4474.75
Sep-04-2007,4479.25
Sep-05-2007,4475.85
Sep-06-2007,4518.6
Sep-07-2007,4509.5
Sep-10-2007,4507.85
Sep-11-2007,4497.05
Sep-12-2007,4496.85
Sep-13-2007,4528.95
Sep-14-2007,4518
Sep-17-2007,4494.65
Sep-18-2007,4546.2
Sep-19-2007,4732.35
Sep-20-2007,4747.55
Sep-21-2007,4837.55
Sep-24-2007,4932.2
Sep-25-2007,4938.85
Sep-26-2007,4940.5
Sep-27-2007,5000.55
Sep-28-2007,5021.35
Oct-01-2007,5068.95
Oct-03-2007,5210.8
Oct-04-2007,5208.65
Oct-05-2007,5185.85
Oct-08-2007,5085.1
Oct-09-2007,5327.25
Oct-10-2007,5441.45
Oct-11-2007,5524.85
Oct-12-2007,5428.25
Oct-15-2007,5670.4
Oct-16-2007,5668.05
Oct-17-2007,5559.3
Oct-18-2007,5351
Oct-19-2007,5215.3
Oct-22-2007,5184
Oct-23-2007,5473.7
Oct-24-2007,5496.15
Oct-25-2007,5568.95
Oct-26-2007,5702.3
Oct-29-2007,5905.9
Oct-30-2007,5868.75
Oct-31-2007,5900.65
Nov-01-2007,5866.45
Nov-02-2007,5932.4
Nov-05-2007,5847.3
Nov-06-2007,5786.5
Nov-07-2007,5782.35
Nov-08-2007,5698.75
Nov-09-2007,5663.25
Nov-12-2007,5617.1
Nov-13-2007,5695.4
Nov-14-2007,5937.9
Nov-15-2007,5912.1
Nov-16-2007,5906.85
Nov-19-2007,5907.65
Nov-20-2007,5780.9
Nov-21-2007,5561.05
Nov-22-2007,5519.35
Nov-23-2007,5608.6
Nov-26-2007,5731.7
Nov-27-2007,5698.15
Nov-28-2007,5617.55
Nov-29-2007,5634.6
Nov-30-2007,5762.75
Dec-03-2007,5865
Dec-04-2007,5858.35
Dec-05-2007,5940
Dec-06-2007,5954.7
Dec-07-2007,5974.3
Dec-10-2007,5960.6
Dec-11-2007,6097.25
Dec-12-2007,6159.3
Dec-13-2007,6058.1
Dec-14-2007,6047.7
Dec-17-2007,5777
Dec-18-2007,5742.3
Dec-19-2007,5751.15
Dec-20-2007,5766.5
Dec-24-2007,5985.1
Dec-26-2007,6070.75
Dec-27-2007,6081.5
Dec-28-2007,6079.7
Dec-31-2007,6138.6
Jan-01-2008,6144.35
Jan-02-2008,6179.4
Jan-03-2008,6178.55
Jan-04-2008,6274.3
Jan-07-2008,6279.1
Jan-08-2008,6287.85
Jan-09-2008,6272
Jan-10-2008,6156.95
Jan-11-2008,6200.1
Jan-14-2008,6206.8
Jan-15-2008,6074.25
Jan-16-2008,5935.75
Jan-17-2008,5913.2
Jan-18-2008,5705.3
Jan-21-2008,5208.8
Jan-22-2008,4899.3
Jan-23-2008,5203.4
Jan-24-2008,5033.45
Jan-25-2008,5383.35
Jan-28-2008,5274.1
Jan-29-2008,5280.8
Jan-30-2008,5167.6
Jan-31-2008,5137.45
Feb-01-2008,5317.25
Feb-04-2008,5463.5
Feb-05-2008,5483.9
Feb-06-2008,5322.55
Feb-07-2008,5133.25
Feb-08-2008,5120.35
Feb-11-2008,4857
Feb-12-2008,4838.25
Feb-13-2008,4929.45
Feb-14-2008,5202
Feb-15-2008,5302.9
Feb-18-2008,5276.9
Feb-19-2008,5280.8
Feb-20-2008,5154.45
Feb-21-2008,5191.8
Feb-22-2008,5110.75
Feb-25-2008,5200.7
Feb-26-2008,5270.05
Feb-27-2008,5268.4
Feb-28-2008,5285.1
Feb-29-2008,5223.5
Mar-03-2008,4953
Mar-04-2008,4864.25
Mar-05-2008,4921.4
Mar-07-2008,4771.6
Mar-10-2008,4800.4
Mar-11-2008,4865.9
Mar-12-2008,4872
Mar-13-2008,4623.6
Mar-14-2008,4745.8
Mar-17-2008,4503.1
Mar-18-2008,4533
Mar-19-2008,4573.95
Mar-24-2008,4609.85
Mar-25-2008,4877.5
Mar-26-2008,4828.85
Mar-27-2008,4830.25
Mar-28-2008,4942
Mar-31-2008,4734.5
Apr-01-2008,4739.55
Apr-02-2008,4754.2
Apr-03-2008,4771.6
Apr-04-2008,4647
Apr-07-2008,4761.2
Apr-08-2008,4709.65
Apr-09-2008,4747.05
Apr-10-2008,4733
Apr-11-2008,4777.8
Apr-15-2008,4879.65
Apr-16-2008,4887.3
Apr-17-2008,4958.4
Apr-21-2008,5037
Apr-22-2008,5049.3
Apr-23-2008,5022.8
Apr-24-2008,4999.85
Apr-25-2008,5111.7
Apr-28-2008,5089.65
Apr-29-2008,5195.5
Apr-30-2008,5165.9
May-02-2008,5228.2
May-05-2008,5192.25
May-06-2008,5144.65
May-07-2008,5135.5
May-08-2008,5081.7
May-09-2008,4982.6
May-12-2008,5012.65
May-13-2008,4957.8
May-14-2008,5011.75
May-15-2008,5115.25
May-16-2008,5157.7
May-20-2008,5104.95
May-21-2008,5117.65
May-22-2008,5025.45
May-23-2008,4946.55
May-26-2008,4875.05
May-27-2008,4859.8
May-28-2008,4918.35
May-29-2008,4835.3
May-30-2008,4870.1
Jun-02-2008,4739.6
Jun-03-2008,4715.9
Jun-04-2008,4585.6
Jun-05-2008,4676.95
Jun-06-2008,4627.8
Jun-09-2008,4500.95
Jun-10-2008,4449.8
Jun-11-2008,4523.6
Jun-12-2008,4539.35
Jun-13-2008,4517.1
Jun-16-2008,4572.5
Jun-17-2008,4653
Jun-18-2008,4582.4
Jun-19-2008,4504.25
Jun-20-2008,4347.55
Jun-23-2008,4266.4
Jun-24-2008,4191.1
Jun-25-2008,4252.65
Jun-26-2008,4315.85
Jun-27-2008,4136.65
Jun-30-2008,4040.55
Jul-01-2008,3896.75
Jul-02-2008,4093.35
Jul-03-2008,3925.75
Jul-04-2008,4016
Jul-07-2008,4030
Jul-08-2008,3988.55
Jul-09-2008,4157.1
Jul-10-2008,4162.2
Jul-11-2008,4049
Jul-14-2008,4039.7
Jul-15-2008,3861.1
Jul-16-2008,3816.7
Jul-17-2008,3947.2
Jul-18-2008,4092.25
Jul-21-2008,4159.5
Jul-22-2008,4240.1
Jul-23-2008,4476.8
Jul-24-2008,4433.55
Jul-25-2008,4311.85
Jul-28-2008,4332.1
Jul-29-2008,4189.85
Jul-30-2008,4313.55
Jul-31-2008,4332.95
Aug-01-2008,4413.55
Aug-04-2008,4395.35
Aug-05-2008,4502.85
Aug-06-2008,4517.55
Aug-07-2008,4523.85
Aug-08-2008,4529.5
Aug-11-2008,4620.4
Aug-12-2008,4552.25
Aug-13-2008,4529.05
Aug-14-2008,4430.7
Aug-18-2008,4393.05
Aug-19-2008,4368.25
Aug-20-2008,4415.75
Aug-21-2008,4283.85
Aug-22-2008,4327.45
Aug-25-2008,4335.35
Aug-26-2008,4337.5
Aug-27-2008,4292.1
Aug-28-2008,4214
Aug-29-2008,4360
Sep-01-2008,4348.65
Sep-02-2008,4504
Sep-04-2008,4447.75
Sep-05-2008,4352.3
Sep-08-2008,4482.3
Sep-09-2008,4468.7
Sep-10-2008,4400.25
Sep-11-2008,4290.3
Sep-12-2008,4228.45
Sep-15-2008,4072.9
Sep-16-2008,4074.9
Sep-17-2008,4008.25
Sep-18-2008,4038.15
Sep-19-2008,4245.25
Sep-22-2008,4223.05
Sep-23-2008,4126.9
Sep-24-2008,4161.25
Sep-25-2008,4110.55
Sep-26-2008,3985.25
Sep-29-2008,3850.05
Sep-30-2008,3921.2
Oct-01-2008,3950.75
Oct-03-2008,3818.3
Oct-06-2008,3602.35
Oct-07-2008,3606.6
Oct-08-2008,3513.65
Oct-10-2008,3279.95
Oct-13-2008,3490.7
Oct-14-2008,3518.65
Oct-15-2008,3338.4
Oct-16-2008,3269.3
Oct-17-2008,3074.35
Oct-20-2008,3122.8
Oct-21-2008,3234.9
Oct-22-2008,3065.15
Oct-23-2008,2943.15
Oct-24-2008,2584
Oct-27-2008,2524.2
Oct-28-2008,2684.6
Oct-29-2008,2697.05
Oct-31-2008,2885.6
Nov-03-2008,3043.85
Nov-04-2008,3142.1
Nov-05-2008,2994.95
Nov-06-2008,2892.65
Nov-07-2008,2973
Nov-10-2008,3148.25
Nov-11-2008,2938.65
Nov-12-2008,2848.45
Nov-14-2008,2810.35
Nov-17-2008,2799.55
Nov-18-2008,2683.15
Nov-19-2008,2635
Nov-20-2008,2553.15
Nov-21-2008,2693.45
Nov-24-2008,2708.25
Nov-25-2008,2654
Nov-26-2008,2752.25
Nov-28-2008,2755.1
Dec-01-2008,2682.9
Dec-02-2008,2657.8
Dec-03-2008,2656.45
Dec-04-2008,2788
Dec-05-2008,2714.4
Dec-08-2008,2784
Dec-10-2008,2928.25
Dec-11-2008,2920.15
Dec-12-2008,2921.35
Dec-15-2008,2981.2
Dec-16-2008,3041.75
Dec-17-2008,2954.35
Dec-18-2008,3060.75
Dec-19-2008,3077.5
Dec-22-2008,3039.3
Dec-23-2008,2968.65
Dec-24-2008,2916.85
Dec-26-2008,2857.25
Dec-29-2008,2922.2
Dec-30-2008,2979.5
Dec-31-2008,2959.15
Jan-01-2009,3033.45
Jan-02-2009,3046.75
Jan-05-2009,3121.45
Jan-06-2009,3112.8
Jan-07-2009,2920.4
Jan-09-2009,2873
Jan-12-2009,2773.1
Jan-13-2009,2744.95
Jan-14-2009,2835.3
Jan-15-2009,2736.7
Jan-16-2009,2828.45
Jan-19-2009,2846.2
Jan-20-2009,2796.6
Jan-21-2009,2706.15
Jan-22-2009,2713.8
Jan-23-2009,2678.55
Jan-27-2009,2771.35
Jan-28-2009,2849.5
Jan-29-2009,2823.95
Jan-30-2009,2874.8
Feb-02-2009,2766.65
Feb-03-2009,2783.9
Feb-04-2009,2803.05
Feb-05-2009,2780.05
Feb-06-2009,2843.1
Feb-09-2009,2919.9
Feb-10-2009,2934.5
Feb-11-2009,2925.7
Feb-12-2009,2893.05
Feb-13-2009,2948.35
Feb-16-2009,2848.5
Feb-17-2009,2770.5
Feb-18-2009,2776.15
Feb-19-2009,2789.35
Feb-20-2009,2736.45
Feb-24-2009,2733.9
Feb-25-2009,2762.5
Feb-26-2009,2785.65
Feb-27-2009,2763.65
Mar-02-2009,2674.6
Mar-03-2009,2622.4
Mar-04-2009,2645.2
Mar-05-2009,2576.7
Mar-06-2009,2620.15
Mar-09-2009,2573.15
Mar-12-2009,2617.45
Mar-13-2009,2719.25
Mar-16-2009,2777.25
Mar-17-2009,2757.45
Mar-18-2009,2794.7
Mar-19-2009,2807.15
Mar-20-2009,2807.05
Mar-23-2009,2939.9
Mar-24-2009,2938.7
Mar-25-2009,2984.35
Mar-26-2009,3082.25
Mar-27-2009,3108.65
Mar-30-2009,2978.15
Mar-31-2009,3020.95
Apr-01-2009,3060.35
Apr-02-2009,3211.05
Apr-06-2009,3256.6
Apr-08-2009,3342.95
Apr-09-2009,3342.05
Apr-13-2009,3382.6
Apr-15-2009,3484.15
Apr-16-2009,3369.5
Apr-17-2009,3384.4
Apr-20-2009,3377.1
Apr-21-2009,3365.3
Apr-22-2009,3330.3
Apr-23-2009,3423.7
Apr-24-2009,3480.75
Apr-27-2009,3470
Apr-28-2009,3362.35
Apr-29-2009,3473.95
May-04-2009,3654
May-05-2009,3661.9
May-06-2009,3625.05
May-07-2009,3683.9
May-08-2009,3620.7
May-11-2009,3554.6
May-12-2009,3681.1
May-13-2009,3635.25
May-14-2009,3593.45
May-15-2009,3671.65
May-18-2009,4323.15
May-19-2009,4318.45
May-20-2009,4270.3
May-21-2009,4210.9
May-22-2009,4238.5
May-25-2009,4237.55
May-26-2009,4116.7
May-27-2009,4276.05
May-28-2009,4337.1
May-29-2009,4448.95
Jun-01-2009,4529.9
Jun-02-2009,4525.25
Jun-03-2009,4530.7
Jun-04-2009,4572.65
Jun-05-2009,4586.9
Jun-08-2009,4429.9
Jun-09-2009,4550.95
Jun-10-2009,4655.25
Jun-11-2009,4637.7
Jun-12-2009,4583.4
Jun-15-2009,4484
Jun-16-2009,4517.8
Jun-17-2009,4356.15
Jun-18-2009,4251.4
Jun-19-2009,4313.6
Jun-22-2009,4235.25
Jun-23-2009,4247
Jun-24-2009,4292.95
Jun-25-2009,4241.85
Jun-26-2009,4375.5
Jun-29-2009,4390.95
Jun-30-2009,4291.1
Jul-01-2009,4340.9
Jul-02-2009,4348.85
Jul-03-2009,4424.25
Jul-06-2009,4165.7
Jul-07-2009,4202.15
Jul-08-2009,4078.9
Jul-09-2009,4080.95
Jul-10-2009,4003.9
Jul-13-2009,3974.05
Jul-14-2009,4111.4
Jul-15-2009,4233.5
Jul-16-2009,4231.4
Jul-17-2009,4374.95
Jul-20-2009,4502.25
Jul-21-2009,4469.1
Jul-22-2009,4398.9
Jul-23-2009,4523.75
Jul-24-2009,4568.55
Jul-27-2009,4572.3
Jul-28-2009,4564.1
Jul-29-2009,4513.5
Jul-30-2009,4571.45
Jul-31-2009,4636.45
Aug-03-2009,4711.4
Aug-04-2009,4680.5
Aug-05-2009,4694.15
Aug-06-2009,4585.5
Aug-07-2009,4481.4
Aug-10-2009,4437.65
Aug-11-2009,4471.35
Aug-12-2009,4457.5
Aug-13-2009,4605
Aug-14-2009,4580.05
Aug-17-2009,4387.9
Aug-18-2009,4458.9
Aug-19-2009,4394.1
Aug-20-2009,4453.45
Aug-21-2009,4528.8
Aug-24-2009,4642.8
Aug-25-2009,4659.35
Aug-26-2009,4680.85
Aug-27-2009,4688.2
Aug-28-2009,4732.35
Aug-31-2009,4662.1
Sep-01-2009,4625.35
Sep-02-2009,4608.35
Sep-03-2009,4593.55
Sep-04-2009,4680.4
Sep-07-2009,4782.9
Sep-08-2009,4805.25
Sep-09-2009,4814.25
Sep-10-2009,4819.4
Sep-11-2009,4829.55
Sep-14-2009,4808.6
Sep-15-2009,4892.1
Sep-16-2009,4958.4
Sep-17-2009,4965.55
Sep-18-2009,4976.05
Sep-22-2009,5020.2
Sep-23-2009,4969.95
Sep-24-2009,4986.55
Sep-25-2009,4958.95
Sep-29-2009,5006.85
Sep-30-2009,5083.95
Oct-01-2009,5083.4
Oct-05-2009,5003.2
Oct-06-2009,5027.4
Oct-07-2009,4985.75
Oct-08-2009,5002.25
Oct-09-2009,4945.2
Oct-12-2009,5054.25
Oct-14-2009,5118.2
Oct-15-2009,5108.85
Oct-16-2009,5142.15
Oct-17-2009,5141.8
Oct-20-2009,5114.45
Oct-21-2009,5063.6
Oct-22-2009,4988.6
Oct-23-2009,4997.05
Oct-26-2009,4970.9
Oct-27-2009,4846.7
Oct-28-2009,4826.15
Oct-29-2009,4750.55
Oct-30-2009,4711.7
Nov-03-2009,4563.9
Nov-04-2009,4710.8
Nov-05-2009,4765.55
Nov-06-2009,4796.15
Nov-09-2009,4898.4
Nov-10-2009,4881.7
Nov-11-2009,5003.95
Nov-12-2009,4952.65
Nov-13-2009,4998.95
Nov-16-2009,5058.05
Nov-17-2009,5062.25
Nov-18-2009,5054.7
Nov-19-2009,4989
Nov-20-2009,5052.45
Nov-23-2009,5103.55
Nov-24-2009,5090.55
Nov-25-2009,5108.15
Nov-26-2009,5005.55
Nov-27-2009,4941.75
Nov-30-2009,5032.7
Dec-01-2009,5122
Dec-02-2009,5123.25
Dec-03-2009,5131.7
Dec-04-2009,5108.9
Dec-07-2009,5066.7
Dec-08-2009,5147.95
Dec-09-2009,5112
Dec-10-2009,5134.65
Dec-11-2009,5117.3
Dec-14-2009,5105.7
Dec-15-2009,5033.05
Dec-16-2009,5042.05
Dec-17-2009,5041.75
Dec-18-2009,4987.7
Dec-21-2009,4952.6
Dec-22-2009,4985.85
Dec-23-2009,5144.6
Dec-24-2009,5178.4
Dec-29-2009,5187.95
Dec-30-2009,5169.45
Dec-31-2009,5201.05
Jan-04-2010,5232.2
Jan-05-2010,5277.9
Jan-06-2010,5281.8
Jan-07-2010,5263.1
Jan-08-2010,5244.75
Jan-11-2010,5249.4
Jan-12-2010,5210.4
Jan-13-2010,5233.95
Jan-14-2010,5259.9
Jan-15-2010,5252.2
Jan-18-2010,5274.85
Jan-19-2010,5225.65
Jan-20-2010,5221.7
Jan-21-2010,5094.15
Jan-22-2010,5036
Jan-25-2010,5007.9
Jan-27-2010,4853.1
Jan-28-2010,4867.25
Jan-29-2010,4882.05
Feb-01-2010,4899.7
Feb-02-2010,4830.1
Feb-03-2010,4931.85
Feb-04-2010,4845.35
Feb-05-2010,4718.65
Feb-06-2010,4757.25
Feb-08-2010,4760.4
Feb-09-2010,4792.65
Feb-10-2010,4757.2
Feb-11-2010,4826.85
Feb-15-2010,4801.95
Feb-16-2010,4855.75
Feb-17-2010,4914
Feb-18-2010,4887.75
Feb-19-2010,4844.9
Feb-22-2010,4856.4
Feb-23-2010,4870.05
Feb-24-2010,4858.6
Feb-25-2010,4859.75
Feb-26-2010,4922.3
Mar-02-2010,5017
Mar-03-2010,5088.1
Mar-04-2010,5080.25
Mar-05-2010,5088.7
Mar-08-2010,5124
Mar-09-2010,5101.5
Mar-10-2010,5116.25
Mar-11-2010,5133.4
Mar-12-2010,5137
Mar-15-2010,5128.9
Mar-16-2010,5198.1
Mar-17-2010,5231.9
Mar-18-2010,5245.9
Mar-19-2010,5262.8
Mar-22-2010,5205.2
Mar-23-2010,5225.3
Mar-25-2010,5260.4
Mar-26-2010,5282
Mar-29-2010,5302.85
Mar-30-2010,5262.45
Mar-31-2010,5249.1
Apr-01-2010,5290.5
Apr-05-2010,5368.4
Apr-06-2010,5366
Apr-07-2010,5374.65
Apr-08-2010,5304.45
Apr-09-2010,5361.75
Apr-12-2010,5339.7
Apr-13-2010,5322.95
Apr-15-2010,5273.6
Apr-16-2010,5262.6
Apr-19-2010,5203.65
Apr-20-2010,5230.1
Apr-21-2010,5244.9
Apr-22-2010,5269.35
Apr-23-2010,5304.1
Apr-26-2010,5322.45
Apr-27-2010,5308.35
Apr-28-2010,5215.45
Apr-29-2010,5254.15
Apr-30-2010,5278
May-03-2010,5222.75
May-04-2010,5148.5
May-05-2010,5124.9
May-06-2010,5090.85
May-07-2010,5018.05
May-10-2010,5193.6
May-11-2010,5136.15
May-12-2010,5156.65
May-13-2010,5178.9
May-14-2010,5093.5
May-17-2010,5059.9
May-18-2010,5066.2
May-19-2010,4919.65
May-20-2010,4947.6
May-21-2010,4931.15
May-24-2010,4943.95
May-25-2010,4806.75
May-26-2010,4917.4
May-27-2010,5003.1
May-28-2010,5066.55
May-31-2010,5086.3
Jun-01-2010,4970.2
Jun-02-2010,5019.85
Jun-03-2010,5110.5
Jun-04-2010,5135.5
Jun-07-2010,5034
Jun-08-2010,4987.1
Jun-09-2010,5000.3
Jun-10-2010,5078.6
Jun-11-2010,5119.35
Jun-14-2010,5197.7
Jun-15-2010,5222.35
Jun-16-2010,5233.35
Jun-17-2010,5274.85
Jun-18-2010,5262.6
Jun-21-2010,5353.3
Jun-22-2010,5316.55
Jun-23-2010,5323.15
Jun-24-2010,5320.6
Jun-25-2010,5269.05
Jun-28-2010,5333.5
Jun-29-2010,5256.15
Jun-30-2010,5312.5
Jul-01-2010,5251.4
Jul-02-2010,5237.1
Jul-05-2010,5235.9
Jul-06-2010,5289.05
Jul-07-2010,5241.1
Jul-08-2010,5296.85
Jul-09-2010,5352.45
Jul-12-2010,5383
Jul-13-2010,5400.65
Jul-14-2010,5386.15
Jul-15-2010,5378.75
Jul-16-2010,5393.9
Jul-19-2010,5386.45
Jul-20-2010,5368
Jul-21-2010,5399.35
Jul-22-2010,5441.95
Jul-23-2010,5449.1
Jul-26-2010,5418.6
Jul-27-2010,5430.6
Jul-28-2010,5397.55
Jul-29-2010,5408.9
Jul-30-2010,5367.6
Aug-02-2010,5431.65
Aug-03-2010,5439.55
Aug-04-2010,5467.85
Aug-05-2010,5447.1
Aug-06-2010,5439.25
Aug-09-2010,5486.15
Aug-10-2010,5460.7
Aug-11-2010,5420.6
Aug-12-2010,5416.45
Aug-13-2010,5452.1
Aug-16-2010,5418.3
Aug-17-2010,5414.15
Aug-18-2010,5479.15
Aug-19-2010,5540.2
Aug-20-2010,5530.65
Aug-23-2010,5543.5
Aug-24-2010,5505.1
Aug-25-2010,5462.35
Aug-26-2010,5477.9
Aug-27-2010,5408.7
Aug-30-2010,5415.45
Aug-31-2010,5402.4
Sep-01-2010,5471.85
Sep-02-2010,5486.15
Sep-03-2010,5479.4
Sep-06-2010,5576.95
Sep-07-2010,5604
Sep-08-2010,5607.85
Sep-09-2010,5640.05
Sep-13-2010,5760
Sep-14-2010,5795.55
Sep-15-2010,5860.95
Sep-16-2010,5828.7
Sep-17-2010,5884.95
Sep-20-2010,5980.45
Sep-21-2010,6009.05
Sep-22-2010,5991
Sep-23-2010,5959.55
Sep-24-2010,6018.3
Sep-27-2010,6035.65
Sep-28-2010,6029.5
Sep-29-2010,5991.3
Sep-30-2010,6029.95
Oct-01-2010,6143.4
Oct-04-2010,6159.45
Oct-05-2010,6145.8
Oct-06-2010,6186.45
Oct-07-2010,6120.3
Oct-08-2010,6103.45
Oct-11-2010,6135.85
Oct-12-2010,6090.9
Oct-13-2010,6233.9
Oct-14-2010,6177.35
Oct-15-2010,6062.65
Oct-18-2010,6075.95
Oct-19-2010,6027.3
Oct-20-2010,5982.1
Oct-21-2010,6101.5
Oct-22-2010,6066.05
Oct-25-2010,6105.8
Oct-26-2010,6082
Oct-27-2010,6012.65
Oct-28-2010,5987.7
Oct-29-2010,6017.7
Nov-01-2010,6117.55
Nov-02-2010,6119
Nov-03-2010,6160.5
Nov-04-2010,6281.8
Nov-05-2010,6312.45
Nov-08-2010,6273.2
Nov-09-2010,6301.55
Nov-10-2010,6275.7
Nov-11-2010,6194.25
Nov-12-2010,6071.65
Nov-15-2010,6121.6
Nov-16-2010,5988.7
Nov-18-2010,5998.8
Nov-19-2010,5890.3
Nov-22-2010,6010
Nov-23-2010,5934.75
Nov-24-2010,5865.75
Nov-25-2010,5799.75
Nov-26-2010,5751.95
Nov-29-2010,5830
Nov-30-2010,5862.7
Dec-01-2010,5960.9
Dec-02-2010,6011.7
Dec-03-2010,5992.8
Dec-06-2010,5992.25
Dec-07-2010,5976.55
Dec-08-2010,5903.7
Dec-09-2010,5766.5
Dec-10-2010,5857.35
Dec-13-2010,5907.65
Dec-14-2010,5944.1
Dec-15-2010,5892.3
Dec-16-2010,5948.75
Dec-20-2010,5947.05
Dec-21-2010,6000.65
Dec-22-2010,5984.4
Dec-23-2010,5980
Dec-24-2010,6011.6
Dec-27-2010,5998.1
Dec-28-2010,5996
Dec-29-2010,6060.35
Dec-30-2010,6101.85
Dec-31-2010,6134.5
Jan-03-2011,6157.6
Jan-04-2011,6146.35
Jan-05-2011,6079.8
Jan-06-2011,6048.25
Jan-07-2011,5904.6
Jan-10-2011,5762.85
Jan-11-2011,5754.1
Jan-12-2011,5863.25
Jan-13-2011,5751.9
Jan-14-2011,5654.55
Jan-17-2011,5654.75
Jan-18-2011,5724.05
Jan-19-2011,5691.05
Jan-20-2011,5711.6
Jan-21-2011,5696.5
Jan-24-2011,5743.25
Jan-25-2011,5687.4
Jan-27-2011,5604.3
Jan-28-2011,5512.15
Jan-31-2011,5505.9
Feb-01-2011,5417.2
Feb-02-2011,5432
Feb-03-2011,5526.75
Feb-04-2011,5395.75
Feb-07-2011,5396
Feb-08-2011,5312.55
Feb-09-2011,5253.55
Feb-10-2011,5225.8
Feb-11-2011,5310
Feb-14-2011,5456
Feb-15-2011,5481
Feb-16-2011,5481.7
Feb-17-2011,5546.45
Feb-18-2011,5458.95
Feb-21-2011,5518.6
Feb-22-2011,5469.2
Feb-23-2011,5437.35
Feb-24-2011,5262.7
Feb-25-2011,5303.55
Feb-28-2011,5333.25
Mar-01-2011,5522.3
Mar-03-2011,5536.2
Mar-04-2011,5538.75
Mar-07-2011,5463.15
Mar-08-2011,5520.8
Mar-09-2011,5531
Mar-10-2011,5494.4
Mar-11-2011,5445.45
Mar-14-2011,5531.5
Mar-15-2011,5449.65
Mar-16-2011,5511.15
Mar-17-2011,5446.65
Mar-18-2011,5373.7
Mar-21-2011,5364.75
Mar-22-2011,5413.85
Mar-23-2011,5480.25
Mar-24-2011,5522.4
Mar-25-2011,5654.25
Mar-28-2011,5687.25
Mar-29-2011,5736.35
Mar-30-2011,5787.65
Mar-31-2011,5833.75
Apr-01-2011,5826.05
Apr-04-2011,5908.45
Apr-05-2011,5910.05
Apr-06-2011,5891.75
Apr-07-2011,5885.7
Apr-08-2011,5842
Apr-11-2011,5785.7
Apr-13-2011,5911.5
Apr-15-2011,5824.55
Apr-18-2011,5729.1
Apr-19-2011,5740.75
Apr-20-2011,5851.65
Apr-21-2011,5884.7
Apr-25-2011,5874.5
Apr-26-2011,5868.4
Apr-27-2011,5833.9
Apr-28-2011,5785.45
Apr-29-2011,5749.5
May-02-2011,5701.3
May-03-2011,5565.25
May-04-2011,5537.15
May-05-2011,5459.85
May-06-2011,5551.45
May-09-2011,5551.1
May-10-2011,5541.25
May-11-2011,5565.05
May-12-2011,5486.15
May-13-2011,5544.75
May-16-2011,5499
May-17-2011,5438.95
May-18-2011,5420.6
May-19-2011,5428.1
May-20-2011,5486.35
May-23-2011,5386.55
May-24-2011,5394.85
May-25-2011,5348.95
May-26-2011,5412.35
May-27-2011,5476.1
May-30-2011,5473.1
May-31-2011,5560.15
Jun-01-2011,5592
Jun-02-2011,5550.35
Jun-03-2011,5516.75
Jun-06-2011,5532.05
Jun-07-2011,5556.15
Jun-08-2011,5526.85
Jun-09-2011,5521.05
Jun-10-2011,5485.8
Jun-13-2011,5482.8
Jun-14-2011,5500.5
Jun-15-2011,5447.5
Jun-16-2011,5396.75
Jun-17-2011,5366.4
Jun-20-2011,5257.9
Jun-21-2011,5275.85
Jun-22-2011,5278.3
Jun-23-2011,5320
Jun-24-2011,5471.25
Jun-27-2011,5526.6
Jun-28-2011,5545.3
Jun-29-2011,5600.45
Jun-30-2011,5647.4
Jul-01-2011,5627.2
Jul-04-2011,5650.5
Jul-05-2011,5632.1
Jul-06-2011,5625.45
Jul-07-2011,5728.95
Jul-08-2011,5660.65
Jul-11-2011,5616.1
Jul-12-2011,5526.15
Jul-13-2011,5585.45
Jul-14-2011,5599.8
Jul-15-2011,5581.1
Jul-18-2011,5567.05
Jul-19-2011,5613.55
Jul-20-2011,5567.05
Jul-21-2011,5541.6
Jul-22-2011,5633.95
Jul-25-2011,5680.3
Jul-26-2011,5574.85
Jul-27-2011,5546.8
Jul-28-2011,5487.75
Jul-29-2011,5482
Aug-01-2011,5516.8
Aug-02-2011,5456.55
Aug-03-2011,5404.8
Aug-04-2011,5331.8
Aug-05-2011,5211.25
Aug-08-2011,5118.5
Aug-09-2011,5072.85
Aug-10-2011,5161
Aug-11-2011,5138.3
Aug-12-2011,5072.95
Aug-16-2011,5035.8
Aug-17-2011,5056.6
Aug-18-2011,4944.15
Aug-19-2011,4845.65
Aug-22-2011,4898.8
Aug-23-2011,4948.9
Aug-24-2011,4888.9
Aug-25-2011,4839.6
Aug-26-2011,4747.8
Aug-29-2011,4919.6
Aug-30-2011,5001
Sep-02-2011,5040
Sep-05-2011,5017.2
Sep-06-2011,5064.3
Sep-07-2011,5124.65
Sep-08-2011,5153.25
Sep-09-2011,5059.45
Sep-12-2011,4946.8
Sep-13-2011,4940.95
Sep-14-2011,5012.55
Sep-15-2011,5075.7
Sep-16-2011,5084.25
Sep-19-2011,5031.95
Sep-20-2011,5140.2
Sep-21-2011,5133.25
Sep-22-2011,4923.65
Sep-23-2011,4867.75
Sep-26-2011,4835.4
Sep-27-2011,4971.25
Sep-28-2011,4945.9
Sep-29-2011,5015.45
Sep-30-2011,4943.25
Oct-03-2011,4849.5
Oct-04-2011,4772.15
Oct-05-2011,4751.3
Oct-07-2011,4888.05
Oct-10-2011,4979.6
Oct-11-2011,4974.35
Oct-12-2011,5099.4
Oct-13-2011,5077.85
Oct-14-2011,5132.3
Oct-17-2011,5118.25
Oct-18-2011,5037.5
Oct-19-2011,5139.15
Oct-20-2011,5091.9
Oct-21-2011,5049.95
Oct-24-2011,5098.35
Oct-25-2011,5191.6
Oct-26-2011,5201.8
Oct-28-2011,5360.7
Oct-31-2011,5326.6
Nov-01-2011,5257.95
Nov-02-2011,5258.45
Nov-03-2011,5265.75
Nov-04-2011,5284.2
Nov-08-2011,5289.35
Nov-09-2011,5221.05
Nov-11-2011,5168.85
Nov-14-2011,5148.35
Nov-15-2011,5068.5
Nov-16-2011,5030.45
Nov-17-2011,4934.75
Nov-18-2011,4905.8
Nov-21-2011,4778.35
Nov-22-2011,4812.35
Nov-23-2011,4706.45
Nov-24-2011,4756.45
Nov-25-2011,4710.05
Nov-28-2011,4851.3
Nov-29-2011,4805.1
Nov-30-2011,4832.05
Dec-01-2011,4936.85
Dec-02-2011,5050.15
Dec-05-2011,5039.15
Dec-07-2011,5062.6
Dec-08-2011,4943.65
Dec-09-2011,4866.7
Dec-12-2011,4764.6
Dec-13-2011,4800.6
Dec-14-2011,4763.25
Dec-15-2011,4746.35
Dec-16-2011,4651.6
Dec-19-2011,4613.1
Dec-20-2011,4544.2
Dec-21-2011,4693.15
Dec-22-2011,4733.85
Dec-23-2011,4714
Dec-26-2011,4779
Dec-27-2011,4750.5
Dec-28-2011,4705.8
Dec-29-2011,4646.25
Dec-30-2011,4624.3
Jan-02-2012,4636.75
Jan-03-2012,4765.3
Jan-04-2012,4749.65
Jan-05-2012,4749.95
Jan-06-2012,4754.1
Jan-07-2012,4746.9
Jan-09-2012,4742.8
Jan-10-2012,4849.55
Jan-11-2012,4860.95
Jan-12-2012,4831.25
Jan-13-2012,4866
Jan-16-2012,4873.9
Jan-17-2012,4967.3
Jan-18-2012,4955.8
Jan-19-2012,5018.4
Jan-20-2012,5048.6
Jan-23-2012,5046.25
Jan-24-2012,5127.35
Jan-25-2012,5158.3
Jan-27-2012,5204.7
Jan-30-2012,5087.3
Jan-31-2012,5199.25
Feb-01-2012,5235.7
Feb-02-2012,5269.9
Feb-03-2012,5325.85
Feb-06-2012,5361.65
Feb-07-2012,5335.15
Feb-08-2012,5368.15
Feb-09-2012,5412.35
Feb-10-2012,5381.6
Feb-13-2012,5390.2
Feb-14-2012,5416.05
Feb-15-2012,5531.95
Feb-16-2012,5521.95
Feb-17-2012,5564.3
Feb-21-2012,5607.15
Feb-22-2012,5505.35
Feb-23-2012,5483.3
Feb-24-2012,5429.3
Feb-27-2012,5281.2
Feb-28-2012,5375.5
Feb-29-2012,5385.2
Mar-01-2012,5339.75
Mar-02-2012,5359.35
Mar-03-2012,5359.4
Mar-05-2012,5280.35
Mar-06-2012,5222.4
Mar-07-2012,5220.45
Mar-09-2012,5333.55
Mar-12-2012,5359.55
Mar-13-2012,5429.5
Mar-14-2012,5463.9
Mar-15-2012,5380.5
Mar-16-2012,5317.9
Mar-19-2012,5257.05
Mar-20-2012,5274.85
Mar-21-2012,5364.95
Mar-22-2012,5228.45
Mar-23-2012,5278.2
Mar-26-2012,5184.25
Mar-27-2012,5243.15
Mar-28-2012,5194.75
Mar-29-2012,5178.85
Mar-30-2012,5295.55
Apr-02-2012,5317.9
Apr-03-2012,5358.5
Apr-04-2012,5322.9
Apr-09-2012,5234.4
Apr-10-2012,5243.6
Apr-11-2012,5226.85
Apr-12-2012,5276.85
Apr-13-2012,5207.45
Apr-16-2012,5226.2
Apr-17-2012,5289.7
Apr-18-2012,5300
Apr-19-2012,5332.4
Apr-20-2012,5290.85
Apr-23-2012,5200.6
Apr-24-2012,5222.65
Apr-25-2012,5202
Apr-26-2012,5189
Apr-27-2012,5190.6
Apr-28-2012,5209
Apr-30-2012,5248.15
May-02-2012,5239.15
May-03-2012,5188.4
May-04-2012,5086.85
May-07-2012,5114.15
May-08-2012,4999.95
May-09-2012,4974.8
May-10-2012,4965.7
May-11-2012,4928.9
May-14-2012,4907.8
May-15-2012,4942.8
May-16-2012,4858.25
May-17-2012,4870.2
May-18-2012,4891.45
May-21-2012,4906.05
May-22-2012,4860.5
May-23-2012,4835.65
May-24-2012,4921.4
May-25-2012,4920.4
May-28-2012,4985.65
May-29-2012,4990.1
May-30-2012,4950.75
May-31-2012,4924.25
Jun-01-2012,4841.6
Jun-04-2012,4848.15
Jun-05-2012,4863.3
Jun-06-2012,4997.1
Jun-07-2012,5049.65
Jun-08-2012,5068.35
Jun-11-2012,5054.1
Jun-12-2012,5115.9
Jun-13-2012,5121.45
Jun-14-2012,5054.75
Jun-15-2012,5139.05
Jun-18-2012,5064.25
Jun-19-2012,5103.85
Jun-20-2012,5120.55
Jun-21-2012,5165
Jun-22-2012,5146.05
Jun-25-2012,5114.65
Jun-26-2012,5120.8
Jun-27-2012,5141.9
Jun-28-2012,5149.15
Jun-29-2012,5278.9
Jul-02-2012,5278.6
Jul-03-2012,5287.95
Jul-04-2012,5302.55
Jul-05-2012,5327.3
Jul-06-2012,5316.95
Jul-09-2012,5275.15
Jul-10-2012,5345.35
Jul-11-2012,5306.3
Jul-12-2012,5235.25
Jul-13-2012,5227.25
Jul-16-2012,5197.25
Jul-17-2012,5192.85
Jul-18-2012,5216.3
Jul-19-2012,5242.7
Jul-20-2012,5205.1
Jul-23-2012,5117.95
Jul-24-2012,5128.2
Jul-25-2012,5109.6
Jul-26-2012,5043
Jul-27-2012,5099.85
Jul-30-2012,5199.8
Jul-31-2012,5229
Aug-01-2012,5240.5
Aug-02-2012,5227.75
Aug-03-2012,5215.7
Aug-06-2012,5282.55
Aug-07-2012,5336.7
Aug-08-2012,5338
Aug-09-2012,5322.95
Aug-10-2012,5320.4
Aug-13-2012,5347.9
Aug-14-2012,5380.35
Aug-16-2012,5362.95
Aug-17-2012,5366.3
Aug-21-2012,5421
Aug-22-2012,5412.85
Aug-23-2012,5415.35
Aug-24-2012,5386.7
Aug-27-2012,5350.25
Aug-28-2012,5334.6
Aug-29-2012,5287.8
Aug-30-2012,5315.05
Aug-31-2012,5258.5
Sep-03-2012,5253.75
Sep-04-2012,5274
Sep-05-2012,5225.7
Sep-06-2012,5238.4
Sep-07-2012,5342.1
Sep-08-2012,5358.7
Sep-10-2012,5363.45
Sep-11-2012,5390
Sep-12-2012,5431
Sep-13-2012,5435.35
Sep-14-2012,5577.65
Sep-17-2012,5610
Sep-18-2012,5600.05
Sep-20-2012,5554.25
Sep-21-2012,5691.15
Sep-24-2012,5669.6
Sep-25-2012,5673.9
Sep-26-2012,5663.45
Sep-27-2012,5649.5
Sep-28-2012,5703.3
Oct-01-2012,5718.8
Oct-03-2012,5731.25
Oct-04-2012,5787.6
Oct-05-2012,5746.95
Oct-08-2012,5676
Oct-09-2012,5704.6
Oct-10-2012,5652.15
Oct-11-2012,5708.05
Oct-12-2012,5676.05
Oct-15-2012,5687.25
Oct-16-2012,5648
Oct-17-2012,5660.25
Oct-18-2012,5718.7
Oct-19-2012,5684.25
Oct-22-2012,5717.15
Oct-23-2012,5691.4
Oct-25-2012,5705.3
Oct-26-2012,5664.3
Oct-29-2012,5665.6
Oct-30-2012,5597.9
Oct-31-2012,5619.7
Nov-01-2012,5645.05
Nov-02-2012,5697.7
Nov-05-2012,5704.2
Nov-06-2012,5724.4
Nov-07-2012,5760.1
Nov-08-2012,5738.75
Nov-09-2012,5686.25
Nov-12-2012,5683.7
Nov-13-2012,5666.95
Nov-15-2012,5631
Nov-16-2012,5574.05
Nov-19-2012,5571.4
Nov-20-2012,5571.55
Nov-21-2012,5614.8
Nov-22-2012,5627.75
Nov-23-2012,5626.6
Nov-26-2012,5635.9
Nov-27-2012,5727.45
Nov-29-2012,5825
Nov-30-2012,5879.85
Dec-03-2012,5870.95
Dec-04-2012,5889.25
Dec-05-2012,5900.5
Dec-06-2012,5930.9
Dec-07-2012,5907.4
Dec-10-2012,5908.9
Dec-11-2012,5898.8
Dec-12-2012,5888
Dec-13-2012,5851.5
Dec-14-2012,5879.6
Dec-17-2012,5857.9
Dec-18-2012,5896.8
Dec-19-2012,5929.6
Dec-20-2012,5916.4
Dec-21-2012,5847.7
Dec-24-2012,5855.75
Dec-26-2012,5905.6
Dec-27-2012,5870.1
Dec-28-2012,5908.35
Dec-31-2012,5905.1
Jan-01-2013,5950.85
Jan-02-2013,5993.25
Jan-03-2013,6009.5
Jan-04-2013,6016.15
Jan-07-2013,5988.4
Jan-08-2013,6001.7
Jan-09-2013,5971.5
Jan-10-2013,5968.65
Jan-11-2013,5951.3
Jan-14-2013,6024.05
Jan-15-2013,6056.6
Jan-16-2013,6001.85
Jan-17-2013,6039.2
Jan-18-2013,6064.4
Jan-21-2013,6082.3
Jan-22-2013,6048.5
Jan-23-2013,6054.3
Jan-24-2013,6019.35
Jan-25-2013,6074.65
Jan-28-2013,6074.8
Jan-29-2013,6049.9
Jan-30-2013,6055.75
Jan-31-2013,6034.75
Feb-01-2013,5998.9
Feb-04-2013,5987.25
Feb-05-2013,5956.9
Feb-06-2013,5959.2
Feb-07-2013,5938.8
Feb-08-2013,5903.5
Feb-11-2013,5897.85
Feb-12-2013,5922.5
Feb-13-2013,5932.95
Feb-14-2013,5896.95
Feb-15-2013,5887.4
Feb-18-2013,5898.2
Feb-19-2013,5939.7
Feb-20-2013,5943.05
Feb-21-2013,5852.25
Feb-22-2013,5850.3
Feb-25-2013,5854.75
Feb-26-2013,5761.35
Feb-27-2013,5796.9
Feb-28-2013,5693.05
Mar-01-2013,5719.7
Mar-04-2013,5698.5
Mar-05-2013,5784.25
Mar-06-2013,5818.6
Mar-07-2013,5863.3
Mar-08-2013,5945.7
Mar-11-2013,5942.35
Mar-12-2013,5914.1
Mar-13-2013,5851.2
Mar-14-2013,5908.95
Mar-15-2013,5872.6
Mar-18-2013,5835.25
Mar-19-2013,5745.95
Mar-20-2013,5694.4
Mar-21-2013,5658.75
Mar-22-2013,5651.35
Mar-25-2013,5633.85
Mar-26-2013,5641.6
Mar-28-2013,5682.55
Apr-01-2013,5704.4
Apr-02-2013,5748.1
Apr-03-2013,5672.9
Apr-04-2013,5574.75
Apr-05-2013,5553.25
Apr-08-2013,5542.95
Apr-09-2013,5495.1
Apr-10-2013,5558.7
Apr-11-2013,5594
Apr-12-2013,5528.55
Apr-15-2013,5568.4
Apr-16-2013,5688.95
Apr-17-2013,5688.7
Apr-18-2013,5783.1
Apr-22-2013,5834.4
Apr-23-2013,5836.9
Apr-25-2013,5916.3
Apr-26-2013,5871.45
Apr-29-2013,5904.1
Apr-30-2013,5930.2
May-02-2013,5999.35
May-03-2013,5944
May-06-2013,5971.05
May-07-2013,6043.55
May-08-2013,6069.3
May-09-2013,6050.15
May-10-2013,6094.75
May-11-2013,6107.25
May-13-2013,5980.45
May-14-2013,5995.4
May-15-2013,6146.75
May-16-2013,6169.9
May-17-2013,6187.3
May-20-2013,6156.9
May-21-2013,6114.1
May-22-2013,6094.5
May-23-2013,5967.05
May-24-2013,5983.55
May-27-2013,6083.15
May-28-2013,6111.25
May-29-2013,6104.3
May-30-2013,6124.05
May-31-2013,5985.95
Jun-03-2013,5939.3
Jun-04-2013,5919.45
Jun-05-2013,5923.85
Jun-06-2013,5921.4
Jun-07-2013,5881
Jun-10-2013,5878
Jun-11-2013,5788.8
Jun-12-2013,5760.2
Jun-13-2013,5699.1
Jun-14-2013,5808.4
Jun-17-2013,5850.05
Jun-18-2013,5813.6
Jun-19-2013,5822.25
Jun-20-2013,5655.9
Jun-21-2013,5667.65
Jun-24-2013,5590.25
Jun-25-2013,5609.1
Jun-26-2013,5588.7
Jun-27-2013,5682.35
Jun-28-2013,5842.2
Jul-01-2013,5898.85
Jul-02-2013,5857.55
Jul-03-2013,5770.9
Jul-04-2013,5836.95
Jul-05-2013,5867.9
Jul-08-2013,5811.55
Jul-09-2013,5859
Jul-10-2013,5816.7
Jul-11-2013,5935.1
Jul-12-2013,6009
Jul-15-2013,6030.8
Jul-16-2013,5955.25
Jul-17-2013,5973.3
Jul-18-2013,6038.05
Jul-19-2013,6029.2
Jul-22-2013,6031.8
Jul-23-2013,6077.8
Jul-24-2013,5990.5
Jul-25-2013,5907.5
Jul-26-2013,5886.2
Jul-29-2013,5831.65
Jul-30-2013,5755.05
Jul-31-2013,5742
Aug-01-2013,5727.85
Aug-02-2013,5677.9
Aug-05-2013,5685.4
Aug-06-2013,5542.25
Aug-07-2013,5519.1
Aug-08-2013,5565.65
Aug-12-2013,5612.4
Aug-13-2013,5699.3
Aug-14-2013,5742.3
Aug-16-2013,5507.85
Aug-19-2013,5414.75
Aug-20-2013,5401.45
Aug-21-2013,5302.55
Aug-22-2013,5408.45
Aug-23-2013,5471.75
Aug-26-2013,5476.5
Aug-27-2013,5287.45
Aug-28-2013,5285
Aug-29-2013,5409.05
Aug-30-2013,5471.8
Sep-02-2013,5550.75
Sep-03-2013,5341.45
Sep-04-2013,5448.1
Sep-05-2013,5592.95
Sep-06-2013,5680.4
Sep-10-2013,5896.75
Sep-11-2013,5913.15
Sep-12-2013,5850.7
Sep-13-2013,5850.6
Sep-16-2013,5840.55
Sep-17-2013,5850.2
Sep-18-2013,5899.45
Sep-19-2013,6115.55
Sep-20-2013,6012.1
Sep-23-2013,5889.75
Sep-24-2013,5892.45
Sep-25-2013,5873.85
Sep-26-2013,5882.25
Sep-27-2013,5833.2
Sep-30-2013,5735.3
Oct-01-2013,5780.05
Oct-03-2013,5909.7
Oct-04-2013,5907.3
Oct-07-2013,5906.15
Oct-08-2013,5928.4
Oct-09-2013,6007.45
Oct-10-2013,6020.95
Oct-11-2013,6096.2
Oct-14-2013,6112.7
Oct-15-2013,6089.05
Oct-17-2013,6045.85
Oct-18-2013,6189.35
Oct-21-2013,6204.95
Oct-22-2013,6202.8
Oct-23-2013,6178.35
Oct-24-2013,6164.35
Oct-25-2013,6144.9
Oct-28-2013,6101.1
Oct-29-2013,6220.9
Oct-30-2013,6251.7
Oct-31-2013,6299.15
Nov-01-2013,6307.2
Nov-03-2013,6317.35
Nov-05-2013,6253.15
Nov-06-2013,6215.15
Nov-07-2013,6187.25
Nov-08-2013,6140.75
Nov-11-2013,6078.8
Nov-12-2013,6018.05
Nov-13-2013,5989.6
Nov-14-2013,6056.15
Nov-18-2013,6189
Nov-19-2013,6203.35
Nov-20-2013,6122.9
Nov-21-2013,5999.05
Nov-22-2013,5995.45
Nov-25-2013,6115.35
Nov-26-2013,6059.1
Nov-27-2013,6057.1
Nov-28-2013,6091.85
Nov-29-2013,6176.1
Dec-02-2013,6217.85
Dec-03-2013,6201.85
Dec-04-2013,6160.95
Dec-05-2013,6241.1
Dec-06-2013,6259.9
Dec-09-2013,6363.9
Dec-10-2013,6332.85
Dec-11-2013,6307.9
Dec-12-2013,6237.05
Dec-13-2013,6168.4
Dec-16-2013,6154.7
Dec-17-2013,6139.05
Dec-18-2013,6217.15
Dec-19-2013,6166.65
Dec-20-2013,6274.25
Dec-23-2013,6284.5
Dec-24-2013,6268.4
Dec-26-2013,6278.9
Dec-27-2013,6313.8
Dec-30-2013,6291.1
Dec-31-2013,6304
Jan-01-2014,6301.65
Jan-02-2014,6221.15
Jan-03-2014,6211.15
Jan-06-2014,6191.45
Jan-07-2014,6162.25
Jan-08-2014,6174.6
Jan-09-2014,6168.35
Jan-10-2014,6171.45
Jan-13-2014,6272.75
Jan-14-2014,6241.85
Jan-15-2014,6320.9
Jan-16-2014,6318.9
Jan-17-2014,6261.65
Jan-20-2014,6303.95
Jan-21-2014,6313.8
Jan-22-2014,6338.95
Jan-23-2014,6345.65
Jan-24-2014,6266.75
Jan-27-2014,6135.85
Jan-28-2014,6126.25
Jan-29-2014,6120.25
Jan-30-2014,6073.7
Jan-31-2014,6089.5
Feb-03-2014,6001.8
Feb-04-2014,6000.9
Feb-05-2014,6022.4
Feb-06-2014,6036.3
Feb-07-2014,6063.2
Feb-10-2014,6053.45
Feb-11-2014,6062.7
Feb-12-2014,6084
Feb-13-2014,6001.1
Feb-14-2014,6048.35
Feb-17-2014,6073.3
Feb-18-2014,6127.1
Feb-19-2014,6152.75
Feb-20-2014,6091.45
Feb-21-2014,6155.45
Feb-24-2014,6186.1
Feb-25-2014,6200.05
Feb-26-2014,6238.8
Feb-28-2014,6276.95
Mar-03-2014,6221.45
Mar-04-2014,6297.95
Mar-05-2014,6328.65
Mar-06-2014,6401.15
Mar-07-2014,6526.65
Mar-10-2014,6537.25
Mar-11-2014,6511.9
Mar-12-2014,6516.9
Mar-13-2014,6493.1
Mar-14-2014,6504.2
Mar-18-2014,6516.65
Mar-19-2014,6524.05
Mar-20-2014,6483.1
Mar-21-2014,6493.2
Mar-22-2014,6494.9
Mar-24-2014,6583.5
Mar-25-2014,6589.75
Mar-26-2014,6601.4
Mar-27-2014,6641.75
Mar-28-2014,6695.9
Mar-31-2014,6704.2
Apr-01-2014,6721.05
Apr-02-2014,6752.55
Apr-03-2014,6736.1
Apr-04-2014,6694.35
Apr-07-2014,6695.05
Apr-09-2014,6796.2
Apr-10-2014,6796.4
Apr-11-2014,6776.3
Apr-15-2014,6733.1
Apr-16-2014,6675.3
Apr-17-2014,6779.4
Apr-21-2014,6817.65
Apr-22-2014,6815.35
Apr-23-2014,6840.8
Apr-25-2014,6782.75
Apr-28-2014,6761.25
Apr-29-2014,6715.25
Apr-30-2014,6696.4
May-02-2014,6694.8
May-05-2014,6699.35
May-06-2014,6715.3
May-07-2014,6652.55
May-08-2014,6659.85
May-09-2014,6858.8
May-12-2014,7014.25
May-13-2014,7108.75
May-14-2014,7108.75
May-15-2014,7123.15
May-16-2014,7203
May-19-2014,7263.55
May-20-2014,7275.5
May-21-2014,7252.9
May-22-2014,7276.4
May-23-2014,7367.1
May-26-2014,7359.05
May-27-2014,7318
May-28-2014,7329.65
May-29-2014,7235.65
May-30-2014,7229.95
Jun-02-2014,7362.5
Jun-03-2014,7415.85
Jun-04-2014,7402.25
Jun-05-2014,7474.1
Jun-06-2014,7583.4
Jun-09-2014,7654.6
Jun-10-2014,7656.4
Jun-11-2014,7626.85
Jun-12-2014,7649.9
Jun-13-2014,7542.1
Jun-16-2014,7533.55
Jun-17-2014,7631.7
Jun-18-2014,7558.2
Jun-19-2014,7540.7
Jun-20-2014,7511.45
Jun-23-2014,7493.35
Jun-24-2014,7580.2
Jun-25-2014,7569.25
Jun-26-2014,7493.2
Jun-27-2014,7508.8
Jun-30-2014,7611.35
Jul-01-2014,7634.7
Jul-02-2014,7725.15
Jul-03-2014,7714.8
Jul-04-2014,7751.6
Jul-07-2014,7787.15
Jul-08-2014,7623.2
Jul-09-2014,7585
Jul-10-2014,7567.75
Jul-11-2014,7459.6
Jul-14-2014,7454.15
Jul-15-2014,7526.65
Jul-16-2014,7624.4
Jul-17-2014,7640.45
Jul-18-2014,7663.9
Jul-21-2014,7684.2
Jul-22-2014,7767.85
Jul-23-2014,7795.75
Jul-24-2014,7830.6
Jul-25-2014,7790.45
Jul-28-2014,7748.7
Jul-30-2014,7791.4
Jul-31-2014,7721.3
Aug-01-2014,7602.6
Aug-04-2014,7683.65
Aug-05-2014,7746.55
Aug-06-2014,7672.05
Aug-07-2014,7649.25
Aug-08-2014,7568.55
Aug-11-2014,7625.95
Aug-12-2014,7727.05
Aug-13-2014,7739.55
Aug-14-2014,7791.7
Aug-18-2014,7874.25
Aug-19-2014,7897.5
Aug-20-2014,7875.3
Aug-21-2014,7891.1
Aug-22-2014,7913.2
Aug-25-2014,7906.3
Aug-26-2014,7904.75
Aug-27-2014,7936.05
Aug-28-2014,7954.35
Sep-01-2014,8027.7
Sep-02-2014,8083.05
Sep-03-2014,8114.6
Sep-04-2014,8095.95
Sep-05-2014,8086.85
Sep-08-2014,8173.9
Sep-09-2014,8152.95
Sep-10-2014,8094.1
Sep-11-2014,8085.7
Sep-12-2014,8105.5
Sep-15-2014,8042
Sep-16-2014,7932.9
Sep-17-2014,7975.5
Sep-18-2014,8114.75
Sep-19-2014,8121.45
Sep-22-2014,8146.3
Sep-23-2014,8017.55
Sep-24-2014,8002.4
Sep-25-2014,7911.85
Sep-26-2014,7968.85
Sep-29-2014,7958.9
Sep-30-2014,7964.8
Oct-01-2014,7945.55
Oct-07-2014,7852.4
Oct-08-2014,7842.7
Oct-09-2014,7960.55
Oct-10-2014,7859.95
Oct-13-2014,7884.25
Oct-14-2014,7864
Oct-16-2014,7748.2
Oct-17-2014,7779.7
Oct-20-2014,7879.4
Oct-21-2014,7927.75
Oct-22-2014,7995.9
Oct-23-2014,8014.55
Oct-27-2014,7991.7
Oct-28-2014,8027.6
Oct-29-2014,8090.45
Oct-30-2014,8169.2
Oct-31-2014,8322.2
Nov-03-2014,8324.15
Nov-05-2014,8338.3
Nov-07-2014,8337
Nov-10-2014,8344.25
Nov-11-2014,8362.65
Nov-12-2014,8383.3
Nov-13-2014,8357.85
Nov-14-2014,8389.9
Nov-17-2014,8430.75
Nov-18-2014,8425.9
Nov-19-2014,8382.3
Nov-20-2014,8401.9
Nov-21-2014,8477.35
Nov-24-2014,8530.15
Nov-25-2014,8463.1
Nov-26-2014,8475.75
Nov-27-2014,8494.2
Nov-28-2014,8588.25
Dec-01-2014,8555.9
Dec-02-2014,8524.7
Dec-03-2014,8537.65
Dec-04-2014,8564.4
Dec-05-2014,8538.3
Dec-08-2014,8438.25
Dec-09-2014,8340.7
Dec-10-2014,8355.65
Dec-11-2014,8292.9
Dec-12-2014,8224.1
Dec-15-2014,8219.6
Dec-16-2014,8067.6
Dec-17-2014,8029.8
Dec-18-2014,8159.3
Dec-19-2014,8225.2
Dec-22-2014,8324
Dec-23-2014,8267
Dec-24-2014,8174.1
Dec-26-2014,8200.7
Dec-29-2014,8246.3
Dec-30-2014,8248.25
Dec-31-2014,8282.7
Jan-01-2015,8284
Jan-02-2015,8395.45
Jan-05-2015,8378.4
Jan-06-2015,8127.35
Jan-07-2015,8102.1
Jan-08-2015,8234.6
Jan-09-2015,8284.5
Jan-12-2015,8323
Jan-13-2015,8299.4
Jan-14-2015,8277.55
Jan-15-2015,8494.15
Jan-16-2015,8513.8
Jan-19-2015,8550.7
Jan-20-2015,8695.6
Jan-21-2015,8729.5
Jan-22-2015,8761.4
Jan-23-2015,8835.6
Jan-27-2015,8910.5
Jan-28-2015,8914.3
Jan-29-2015,8952.35
Jan-30-2015,8808.9
Feb-02-2015,8797.4
Feb-03-2015,8756.55
Feb-04-2015,8723.7
Feb-05-2015,8711.7
Feb-06-2015,8661.05
Feb-09-2015,8526.35
Feb-10-2015,8565.55
Feb-11-2015,8627.4
Feb-12-2015,8711.55
Feb-13-2015,8805.5
Feb-16-2015,8809.35
Feb-18-2015,8869.1
Feb-19-2015,8895.3
Feb-20-2015,8833.6
Feb-23-2015,8754.95
Feb-24-2015,8762.1
Feb-25-2015,8767.25
Feb-26-2015,8683.85
Feb-27-2015,8844.6
Feb-28-2015,8901.85
Mar-02-2015,8956.75
Mar-03-2015,8996.25
Mar-04-2015,8922.65
Mar-05-2015,8937.75
Mar-09-2015,8756.75
Mar-10-2015,8712.05
Mar-11-2015,8699.95
Mar-12-2015,8776
Mar-13-2015,8647.75
Mar-16-2015,8633.15
Mar-17-2015,8723.3
Mar-18-2015,8685.9
Mar-19-2015,8634.65
Mar-20-2015,8570.9
Mar-23-2015,8550.9
Mar-24-2015,8542.95
Mar-25-2015,8530.8
Mar-26-2015,8342.15
Mar-27-2015,8341.4
Mar-30-2015,8492.3
Mar-31-2015,8491
Apr-01-2015,8586.25
Apr-06-2015,8659.9
Apr-07-2015,8660.3
Apr-08-2015,8714.4
Apr-09-2015,8778.3
Apr-10-2015,8780.35
Apr-13-2015,8834
Apr-15-2015,8750.2
Apr-16-2015,8706.7
Apr-17-2015,8606
Apr-20-2015,8448.1
Apr-21-2015,8377.75
Apr-22-2015,8429.7
Apr-23-2015,8398.3
Apr-24-2015,8305.25
Apr-27-2015,8213.8
Apr-28-2015,8285.6
Apr-29-2015,8239.75
Apr-30-2015,8181.5
May-04-2015,8331.95
May-05-2015,8324.8
May-06-2015,8097
May-07-2015,8057.3
May-08-2015,8191.5
May-11-2015,8325.25
May-12-2015,8126.95
May-13-2015,8235.45
May-14-2015,8224.2
May-15-2015,8262.35
May-18-2015,8373.65
May-19-2015,8365.65
May-20-2015,8423.25
May-21-2015,8421
May-22-2015,8458.95
May-25-2015,8370.25
May-26-2015,8339.35
May-27-2015,8334.6
May-28-2015,8319
May-29-2015,8433.65
Jun-01-2015,8433.4
Jun-02-2015,8236.45
Jun-03-2015,8135.1
Jun-04-2015,8130.65
Jun-05-2015,8114.7
Jun-08-2015,8044.15
Jun-09-2015,8022.4
Jun-10-2015,8124.45
Jun-11-2015,7965.35
Jun-12-2015,7982.9
Jun-15-2015,8013.9
Jun-16-2015,8047.3
Jun-17-2015,8091.55
Jun-18-2015,8174.6
Jun-19-2015,8224.95
Jun-22-2015,8353.1
Jun-23-2015,8381.55
Jun-24-2015,8360.85
Jun-25-2015,8398
Jun-26-2015,8381.1
Jun-29-2015,8318.4
Jun-30-2015,8368.5
Jul-01-2015,8453.05
Jul-02-2015,8444.9
Jul-03-2015,8484.9
Jul-06-2015,8522.15
Jul-07-2015,8510.8
Jul-08-2015,8363.05
Jul-09-2015,8328.55
Jul-10-2015,8360.55
Jul-13-2015,8459.65
Jul-14-2015,8454.1
Jul-15-2015,8523.8
Jul-16-2015,8608.05
Jul-17-2015,8609.85
Jul-20-2015,8603.45
Jul-21-2015,8529.45
Jul-22-2015,8633.5
Jul-23-2015,8589.8
Jul-24-2015,8521.55
Jul-27-2015,8361
Jul-28-2015,8337
Jul-29-2015,8375.05
Jul-30-2015,8421.8
Jul-31-2015,8532.85
Aug-03-2015,8543.05
Aug-04-2015,8516.9
Aug-05-2015,8567.95
Aug-06-2015,8588.65
Aug-07-2015,8564.6
Aug-10-2015,8525.6
Aug-11-2015,8462.35
Aug-12-2015,8349.45
Aug-13-2015,8355.85
Aug-14-2015,8518.55
Aug-17-2015,8477.3
Aug-18-2015,8466.55
Aug-19-2015,8495.15
Aug-20-2015,8372.75
Aug-21-2015,8299.95
Aug-24-2015,7809
Aug-25-2015,7880.7
Aug-26-2015,7791.85
Aug-27-2015,7948.95
Aug-28-2015,8001.95
Aug-31-2015,7971.3
Sep-01-2015,7785.85
Sep-02-2015,7717
Sep-03-2015,7823
Sep-04-2015,7655.05
Sep-07-2015,7558.8
Sep-08-2015,7688.25
Sep-09-2015,7818.6
Sep-10-2015,7788.1
Sep-11-2015,7789.3
Sep-14-2015,7872.25
Sep-15-2015,7829.1
Sep-16-2015,7899.15
Sep-18-2015,7981.9
Sep-21-2015,7977.1
Sep-22-2015,7812
Sep-23-2015,7845.95
Sep-24-2015,7868.5
Sep-28-2015,7795.7
Sep-29-2015,7843.3
Sep-30-2015,7948.9
Oct-01-2015,7950.9
Oct-05-2015,8119.3
Oct-06-2015,8152.9
Oct-07-2015,8177.4
Oct-08-2015,8129.35
Oct-09-2015,8189.7
Oct-12-2015,8143.6
Oct-13-2015,8131.7
Oct-14-2015,8107.9
Oct-15-2015,8179.5
Oct-16-2015,8238.15
Oct-19-2015,8275.05
Oct-20-2015,8261.65
Oct-21-2015,8251.7
Oct-23-2015,8295.45
Oct-26-2015,8260.55
Oct-27-2015,8232.9
Oct-28-2015,8171.2
Oct-29-2015,8111.75
Oct-30-2015,8065.8
Nov-02-2015,8050.8
Nov-03-2015,8060.7
Nov-04-2015,8040.2
Nov-05-2015,7955.45
Nov-06-2015,7954.3
Nov-09-2015,7915.2
Nov-10-2015,7783.35
Nov-11-2015,7825
Nov-13-2015,7762.25
Nov-16-2015,7806.6
Nov-17-2015,7837.55
Nov-18-2015,7731.8
Nov-19-2015,7842.75
Nov-20-2015,7856.55
Nov-23-2015,7849.25
Nov-24-2015,7831.6
Nov-26-2015,7883.8
Nov-27-2015,7942.7
Nov-30-2015,7935.25
Dec-01-2015,7954.9
Dec-02-2015,7931.35
Dec-03-2015,7864.15
Dec-04-2015,7781.9
Dec-07-2015,7765.4
Dec-08-2015,7701.7
Dec-09-2015,7612.5
Dec-10-2015,7683.3
Dec-11-2015,7610.45
Dec-14-2015,7650.05
Dec-15-2015,7700.9
Dec-16-2015,7750.9
Dec-17-2015,7844.35
Dec-18-2015,7761.95
Dec-21-2015,7834.45
Dec-22-2015,7786.1
Dec-23-2015,7865.95
Dec-24-2015,7861.05
Dec-28-2015,7925.15
Dec-29-2015,7928.95
Dec-30-2015,7896.25
Dec-31-2015,7946.35
Jan-01-2016,7963.2
Jan-04-2016,7791.3
Jan-05-2016,7784.65
Jan-06-2016,7741
Jan-07-2016,7568.3
Jan-08-2016,7601.35
Jan-11-2016,7563.85
Jan-12-2016,7510.3
Jan-13-2016,7562.4
Jan-14-2016,7536.8
Jan-15-2016,7437.8
Jan-18-2016,7351
Jan-19-2016,7435.1
Jan-20-2016,7309.3
Jan-21-2016,7276.8
Jan-22-2016,7422.45
Jan-25-2016,7436.15
Jan-27-2016,7437.75
Jan-28-2016,7424.65
Jan-29-2016,7563.55
Feb-01-2016,7555.95
Feb-02-2016,7455.55
Feb-03-2016,7361.8
Feb-04-2016,7404
Feb-05-2016,7489.1
Feb-08-2016,7387.25
Feb-09-2016,7298.2
Feb-10-2016,7215.7
Feb-11-2016,6976.35
Feb-12-2016,6980.95
Feb-15-2016,7162.95
Feb-16-2016,7048.25
Feb-17-2016,7108.45
Feb-18-2016,7191.75
Feb-19-2016,7210.75
Feb-22-2016,7234.55
Feb-23-2016,7109.55
Feb-24-2016,7018.7
Feb-25-2016,6970.6
Feb-26-2016,7029.75
Feb-29-2016,6987.05
Mar-01-2016,7222.3
Mar-02-2016,7368.85
Mar-03-2016,7475.6
Mar-04-2016,7485.35
Mar-08-2016,7485.3
Mar-09-2016,7531.8
Mar-10-2016,7486.15
Mar-11-2016,7510.2
Mar-14-2016,7538.75
Mar-15-2016,7460.6
Mar-16-2016,7498.75
Mar-17-2016,7512.55
Mar-18-2016,7604.35
Mar-21-2016,7704.25
Mar-22-2016,7714.9
Mar-23-2016,7716.5
Mar-28-2016,7615.1
Mar-29-2016,7597
Mar-30-2016,7735.2
Mar-31-2016,7738.4
Apr-01-2016,7713.05
Apr-04-2016,7758.8
Apr-05-2016,7603.2
Apr-06-2016,7614.35
Apr-07-2016,7546.45
Apr-08-2016,7555.2
Apr-11-2016,7671.4
Apr-12-2016,7708.95
Apr-13-2016,7850.45
Apr-18-2016,7914.7
Apr-20-2016,7914.75
Apr-21-2016,7912.05
Apr-22-2016,7899.3
Apr-25-2016,7855.05
Apr-26-2016,7962.65
Apr-27-2016,7979.9
Apr-28-2016,7847.25
Apr-29-2016,7849.8
May-02-2016,7805.9
May-03-2016,7747
May-04-2016,7706.55
May-05-2016,7735.5
May-06-2016,7733.45
May-09-2016,7866.05
May-10-2016,7887.8
May-11-2016,7848.85
May-12-2016,7900.4
May-13-2016,7814.9
May-16-2016,7860.75
May-17-2016,7890.75
May-18-2016,7870.15
May-19-2016,7783.4
May-20-2016,7749.7
May-23-2016,7731.05
May-24-2016,7748.85
May-25-2016,7934.9
May-26-2016,8069.65
May-27-2016,8156.65
May-30-2016,8178.5
May-31-2016,8160.1
Jun-01-2016,8179.95
Jun-02-2016,8218.95
Jun-03-2016,8220.8
Jun-06-2016,8201.05
Jun-07-2016,8266.45
Jun-08-2016,8273.05
Jun-09-2016,8203.6
Jun-10-2016,8170.05
Jun-13-2016,8110.6
Jun-14-2016,8108.85
Jun-15-2016,8206.6
Jun-16-2016,8140.75
Jun-17-2016,8170.2
Jun-20-2016,8238.5
Jun-21-2016,8219.9
Jun-22-2016,8203.7
Jun-23-2016,8270.45
Jun-24-2016,8088.6
Jun-27-2016,8094.7
Jun-28-2016,8127.85
Jun-29-2016,8204
Jun-30-2016,8287.75
Jul-01-2016,8328.35
Jul-04-2016,8370.7
Jul-05-2016,8335.95
Jul-07-2016,8337.9
Jul-08-2016,8323.2
Jul-11-2016,8467.9
Jul-12-2016,8521.05
Jul-13-2016,8519.5
Jul-14-2016,8565
Jul-15-2016,8541.4
Jul-18-2016,8508.7
Jul-19-2016,8528.55
Jul-20-2016,8565.85
Jul-21-2016,8510.1
Jul-22-2016,8541.2
Jul-25-2016,8635.65
Jul-26-2016,8590.65
Jul-27-2016,8615.8
Jul-28-2016,8666.3
Jul-29-2016,8638.5
Aug-01-2016,8636.55
Aug-02-2016,8622.9
Aug-03-2016,8544.85
Aug-04-2016,8551.1
Aug-05-2016,8683.15
Aug-08-2016,8711.35
Aug-09-2016,8678.25
Aug-10-2016,8575.3
Aug-11-2016,8592.15
Aug-12-2016,8672.15
Aug-16-2016,8642.55
Aug-17-2016,8624.05
Aug-18-2016,8673.25
Aug-19-2016,8666.9
Aug-22-2016,8629.15
Aug-23-2016,8632.6
Aug-24-2016,8650.3
Aug-25-2016,8592.2
Aug-26-2016,8572.55
Aug-29-2016,8607.45
Aug-30-2016,8744.35
Aug-31-2016,8786.2
Sep-01-2016,8774.65
Sep-02-2016,8809.65
Sep-06-2016,8943
Sep-07-2016,8917.95
Sep-08-2016,8952.5
Sep-09-2016,8866.7
Sep-12-2016,8715.6
Sep-14-2016,8726.6
Sep-15-2016,8742.55
Sep-16-2016,8779.85
Sep-19-2016,8808.4
Sep-20-2016,8775.9
Sep-21-2016,8777.15
Sep-22-2016,8867.45
Sep-23-2016,8831.55
Sep-26-2016,8723.05
Sep-27-2016,8706.4
Sep-28-2016,8745.15
Sep-29-2016,8591.25
Sep-30-2016,8611.15
Oct-03-2016,8738.1
Oct-04-2016,8769.15
Oct-05-2016,8743.95
Oct-06-2016,8709.55
Oct-07-2016,8697.6
Oct-10-2016,8708.8
Oct-13-2016,8573.35
Oct-14-2016,8583.4
Oct-17-2016,8520.4
Oct-18-2016,8677.9
Oct-19-2016,8659.1
Oct-20-2016,8699.4
Oct-21-2016,8693.05
Oct-24-2016,8708.95
Oct-25-2016,8691.3
Oct-26-2016,8615.25
Oct-27-2016,8615.25
Oct-28-2016,8638
Oct-30-2016,8625.7
Nov-01-2016,8626.25
Nov-02-2016,8514
Nov-03-2016,8484.95
Nov-04-2016,8433.75
Nov-07-2016,8497.05
Nov-08-2016,8543.55
Nov-09-2016,8432
Nov-10-2016,8525.75
Nov-11-2016,8296.3
Nov-15-2016,8108.45
Nov-16-2016,8111.6
Nov-17-2016,8079.95
Nov-18-2016,8074.1
Nov-21-2016,7929.1
Nov-22-2016,8002.3
Nov-23-2016,8033.3
Nov-24-2016,7965.5
Nov-25-2016,8114.3
Nov-28-2016,8126.9
Nov-29-2016,8142.15
Nov-30-2016,8224.5
Dec-01-2016,8192.9
Dec-02-2016,8086.8
Dec-05-2016,8128.75
Dec-06-2016,8143.15
Dec-07-2016,8102.05
Dec-08-2016,8246.85
Dec-09-2016,8261.75
Dec-12-2016,8170.8
Dec-13-2016,8221.8
Dec-14-2016,8182.45
Dec-15-2016,8153.6
Dec-16-2016,8139.45
Dec-19-2016,8104.35
Dec-20-2016,8082.4
Dec-21-2016,8061.3
Dec-22-2016,7979.1
Dec-23-2016,7985.75
Dec-26-2016,7908.25
Dec-27-2016,8032.85
Dec-28-2016,8034.85
Dec-29-2016,8103.6
Dec-30-2016,8185.8
Jan-02-2017,8179.5
Jan-03-2017,8192.25
Jan-04-2017,8190.5
Jan-05-2017,8273.8
Jan-06-2017,8243.8
Jan-09-2017,8236.05
Jan-10-2017,8288.6
Jan-11-2017,8380.65
Jan-12-2017,8407.2
Jan-13-2017,8400.35
Jan-16-2017,8412.8
Jan-17-2017,8398
Jan-18-2017,8417
Jan-19-2017,8435.1
Jan-20-2017,8349.35
Jan-23-2017,8391.5
Jan-24-2017,8475.8
Jan-25-2017,8602.75
Jan-27-2017,8641.25
Jan-30-2017,8632.75
Jan-31-2017,8561.3
Feb-01-2017,8716.4
Feb-02-2017,8734.25
Feb-03-2017,8740.95
Feb-06-2017,8801.05
Feb-07-2017,8768.3
Feb-08-2017,8769.05
Feb-09-2017,8778.4
Feb-10-2017,8793.55
Feb-13-2017,8805.05
Feb-14-2017,8792.3
Feb-15-2017,8724.7
Feb-16-2017,8778
Feb-17-2017,8821.7
Feb-20-2017,8879.2
Feb-21-2017,8907.85
Feb-22-2017,8926.9
Feb-23-2017,8939.5
Feb-27-2017,8896.7
Feb-28-2017,8879.6
Mar-01-2017,8945.8
Mar-02-2017,8899.75
Mar-03-2017,8897.55
Mar-06-2017,8963.45
Mar-07-2017,8946.9
Mar-08-2017,8924.3
Mar-09-2017,8927
Mar-10-2017,8934.55
Mar-14-2017,9087
Mar-15-2017,9084.8
Mar-16-2017,9153.7
Mar-17-2017,9160.05
Mar-20-2017,9126.85
Mar-21-2017,9121.5
Mar-22-2017,9030.45
Mar-23-2017,9086.3
Mar-24-2017,9108
Mar-27-2017,9045.2
Mar-28-2017,9100.8
Mar-29-2017,9143.8
Mar-30-2017,9173.75
Mar-31-2017,9173.75
Apr-03-2017,9237.85
Apr-05-2017,9265.15
Apr-06-2017,9261.95
Apr-07-2017,9198.3
Apr-10-2017,9181.45
Apr-11-2017,9237
Apr-12-2017,9203.45
Apr-13-2017,9150.8
Apr-17-2017,9139.3
Apr-18-2017,9105.15
Apr-19-2017,9103.5
Apr-20-2017,9136.4
Apr-21-2017,9119.4
Apr-24-2017,9217.95
Apr-25-2017,9306.6
Apr-26-2017,9351.85
Apr-27-2017,9342.15
Apr-28-2017,9304.05
May-02-2017,9313.8
May-03-2017,9311.95
May-04-2017,9359.9
May-05-2017,9285.3
May-08-2017,9314.05
May-09-2017,9316.85
May-10-2017,9407.3
May-11-2017,9422.4
May-12-2017,9400.9
May-15-2017,9445.4
May-16-2017,9512.25
May-17-2017,9525.75
May-18-2017,9429.45
May-19-2017,9427.9
May-22-2017,9438.25
May-23-2017,9386.15
May-24-2017,9360.55
May-25-2017,9509.75
May-26-2017,9595.1
May-29-2017,9604.9
May-30-2017,9624.55
May-31-2017,9621.25
Jun-01-2017,9616.1
Jun-02-2017,9653.5
Jun-05-2017,9675.1
Jun-06-2017,9637.15
Jun-07-2017,9663.9
Jun-08-2017,9647.25
Jun-09-2017,9668.25
Jun-12-2017,9616.4
Jun-13-2017,9606.9
Jun-14-2017,9618.15
Jun-15-2017,9578.05
Jun-16-2017,9588.05
Jun-19-2017,9657.55
Jun-20-2017,9653.5
Jun-21-2017,9633.6
Jun-22-2017,9630
Jun-23-2017,9574.95
Jun-27-2017,9511.4
Jun-28-2017,9491.25
Jun-29-2017,9504.1
Jun-30-2017,9520.9
Jul-03-2017,9615
Jul-04-2017,9613.3
Jul-05-2017,9637.6
Jul-06-2017,9674.55
Jul-07-2017,9665.8
Jul-10-2017,9771.05
Jul-11-2017,9786.05
Jul-12-2017,9816.1
Jul-13-2017,9891.7
Jul-14-2017,9886.35
Jul-17-2017,9915.95
Jul-18-2017,9827.15
Jul-19-2017,9899.6
Jul-20-2017,9873.3
Jul-21-2017,9915.25
Jul-24-2017,9966.4
Jul-25-2017,9964.55
Jul-26-2017,10020.65
Jul-27-2017,10020.55
Jul-28-2017,10014.5
Jul-31-2017,10077.1
Aug-01-2017,10114.65
Aug-02-2017,10081.5
Aug-03-2017,10013.65
Aug-04-2017,10066.4
Aug-07-2017,10057.4
Aug-08-2017,9978.55
Aug-09-2017,9908.05
Aug-10-2017,9820.25
Aug-11-2017,9710.8
Aug-14-2017,9794.15
Aug-16-2017,9897.3
Aug-17-2017,9904.15
Aug-18-2017,9837.4
Aug-21-2017,9754.35
Aug-22-2017,9765.55
Aug-23-2017,9852.5
Aug-24-2017,9857.05
Aug-28-2017,9912.8
Aug-29-2017,9796.05
Aug-30-2017,9884.4
Aug-31-2017,9917.9
Sep-01-2017,9974.4
Sep-04-2017,9912.85
Sep-05-2017,9952.2
Sep-06-2017,9916.2
Sep-07-2017,9929.9
Sep-08-2017,9934.8
Sep-11-2017,10006.05
Sep-12-2017,10093.05
Sep-13-2017,10079.3
Sep-14-2017,10086.6
Sep-15-2017,10085.4
Sep-18-2017,10153.1
Sep-19-2017,10147.55
Sep-20-2017,10141.15
Sep-21-2017,10121.9
Sep-22-2017,9964.4
Sep-25-2017,9872.6
Sep-26-2017,9871.5
Sep-27-2017,9735.75
Sep-28-2017,9768.95
Sep-29-2017,9788.6
Oct-03-2017,9859.5
Oct-04-2017,9914.9
Oct-05-2017,9888.7
Oct-06-2017,9979.7
Oct-09-2017,9988.75
Oct-10-2017,10016.95
Oct-11-2017,9984.8
Oct-12-2017,10096.4
Oct-13-2017,10167.45
Oct-16-2017,10230.85
Oct-17-2017,10234.45
Oct-18-2017,10210.85
Oct-19-2017,10146.55
Oct-23-2017,10184.85
Oct-24-2017,10207.7
Oct-25-2017,10295.35
Oct-26-2017,10343.8
Oct-27-2017,10323.05
Oct-30-2017,10363.65
Oct-31-2017,10335.3
Nov-01-2017,10440.5
Nov-02-2017,10423.8
Nov-03-2017,10452.5
Nov-06-2017,10451.8
Nov-07-2017,10350.15
Nov-08-2017,10303.15
Nov-09-2017,10308.95
Nov-10-2017,10321.75
Nov-13-2017,10224.95
Nov-14-2017,10186.6
Nov-15-2017,10118.05
Nov-16-2017,10214.75
Nov-17-2017,10283.6
Nov-20-2017,10298.75
Nov-21-2017,10326.9
Nov-22-2017,10342.3
Nov-23-2017,10348.75
Nov-24-2017,10389.7
Nov-27-2017,10399.55
Nov-28-2017,10370.25
Nov-29-2017,10361.3
Nov-30-2017,10226.55
Dec-01-2017,10121.8
Dec-04-2017,10127.75
Dec-05-2017,10118.25
Dec-06-2017,10044.1
Dec-07-2017,10166.7
Dec-08-2017,10265.65
Dec-11-2017,10322.25
Dec-12-2017,10240.15
Dec-13-2017,10192.95
Dec-14-2017,10252.1
Dec-15-2017,10333.25
Dec-18-2017,10388.75
Dec-19-2017,10463.2
Dec-20-2017,10444.2
Dec-21-2017,10440.3
Dec-22-2017,10493
Dec-26-2017,10531.5
Dec-27-2017,10490.75
Dec-28-2017,10477.9
Dec-29-2017,10530.7
Jan-01-2018,10435.55
Jan-02-2018,10442.2
Jan-03-2018,10443.2
Jan-04-2018,10504.8
Jan-05-2018,10558.85
Jan-08-2018,10623.6
Jan-09-2018,10637
Jan-10-2018,10632.2
Jan-11-2018,10651.2
Jan-12-2018,10681.25
Jan-15-2018,10741.55
Jan-16-2018,10700.45
Jan-17-2018,10788.55
Jan-18-2018,10817
Jan-19-2018,10894.7
Jan-22-2018,10966.2
Jan-23-2018,11083.7
Jan-24-2018,11086
Jan-25-2018,11069.65
Jan-29-2018,11130.4
Jan-30-2018,11049.65
Jan-31-2018,11027.7
Feb-01-2018,11016.9
Feb-02-2018,10760.6
Feb-05-2018,10666.55
Feb-06-2018,10498.25
Feb-07-2018,10476.7
Feb-08-2018,10576.85
Feb-09-2018,10454.95
Feb-12-2018,10539.75
Feb-14-2018,10500.9
Feb-15-2018,10545.5
Feb-16-2018,10452.3
Feb-19-2018,10378.4
Feb-20-2018,10360.4
Feb-21-2018,10397.45
Feb-22-2018,10382.7
Feb-23-2018,10491.05
Feb-26-2018,10582.6
Feb-27-2018,10554.3
Feb-28-2018,10492.85
Mar-01-2018,10458.35
Mar-05-2018,10358.85
Mar-06-2018,10249.25
Mar-07-2018,10154.2
Mar-08-2018,10242.65
Mar-09-2018,10226.85
Mar-12-2018,10421.4
Mar-13-2018,10426.85
Mar-14-2018,10410.9
Mar-15-2018,10360.15
Mar-16-2018,10195.15
Mar-19-2018,10094.25
Mar-20-2018,10124.35
Mar-21-2018,10155.25
Mar-22-2018,10114.75
Mar-23-2018,9998.05
Mar-26-2018,10130.65
Mar-27-2018,10184.15
Mar-28-2018,10113.7
Apr-02-2018,10211.8
Apr-03-2018,10245
Apr-04-2018,10128.4
Apr-05-2018,10325.15
Apr-06-2018,10331.6
Apr-09-2018,10379.35
Apr-10-2018,10402.25
Apr-11-2018,10417.15
Apr-12-2018,10458.65
Apr-13-2018,10480.6
Apr-16-2018,10528.35
Apr-17-2018,10548.7
Apr-18-2018,10526.2
Apr-19-2018,10565.3
Apr-20-2018,10564.05
Apr-23-2018,10584.7
Apr-24-2018,10614.35
Apr-25-2018,10570.55
Apr-26-2018,10617.8
Apr-27-2018,10692.3
Apr-30-2018,10739.35
May-02-2018,10718.05
May-03-2018,10679.65
May-04-2018,10618.25
May-07-2018,10715.5
May-08-2018,10717.8
May-09-2018,10741.7
May-10-2018,10716.55
May-11-2018,10806.5
May-14-2018,10806.6
May-15-2018,10801.85
May-16-2018,10741.1
May-17-2018,10682.7
May-18-2018,10596.4
May-21-2018,10516.7
May-22-2018,10536.7
May-23-2018,10430.35
May-24-2018,10513.85
May-25-2018,10605.15
May-28-2018,10688.65
May-29-2018,10633.3
May-30-2018,10614.35
May-31-2018,10736.15
Jun-01-2018,10696.2
Jun-04-2018,10628.5
Jun-05-2018,10593.15
Jun-06-2018,10684.65
Jun-07-2018,10768.35
Jun-08-2018,10767.65
Jun-11-2018,10786.95
Jun-12-2018,10842.85
Jun-13-2018,10856.7
Jun-14-2018,10808.05
Jun-15-2018,10817.7
Jun-18-2018,10799.85
Jun-19-2018,10710.45
Jun-20-2018,10772.05
Jun-21-2018,10741.1
Jun-22-2018,10821.85
Jun-25-2018,10762.45
Jun-26-2018,10769.15
Jun-27-2018,10671.4
Jun-28-2018,10589.1
Jun-29-2018,10714.3
Jul-02-2018,10657.3
Jul-03-2018,10699.9
Jul-04-2018,10769.9
Jul-05-2018,10749.75
Jul-06-2018,10772.65
Jul-09-2018,10852.9
Jul-10-2018,10947.25
Jul-11-2018,10948.3
Jul-12-2018,11023.2
Jul-13-2018,11018.9
Jul-16-2018,10936.85
Jul-17-2018,11008.05
Jul-18-2018,10980.45
Jul-19-2018,10957.1
Jul-20-2018,11010.2
Jul-23-2018,11084.75
Jul-24-2018,11134.3
Jul-25-2018,11132
Jul-26-2018,11167.3
Jul-27-2018,11278.35
Jul-30-2018,11319.55
Jul-31-2018,11356.5
Aug-01-2018,11346.2
Aug-02-2018,11244.7
Aug-03-2018,11360.8
Aug-06-2018,11387.1
Aug-07-2018,11389.45
Aug-08-2018,11450
Aug-09-2018,11470.7
Aug-10-2018,11429.5
Aug-13-2018,11355.75
Aug-14-2018,11435.1
Aug-16-2018,11385.05
Aug-17-2018,11470.75
Aug-20-2018,11551.75
Aug-21-2018,11570.9
Aug-23-2018,11582.75
Aug-24-2018,11557.1
Aug-27-2018,11691.95
Aug-28-2018,11738.5
Aug-29-2018,11691.9
Aug-30-2018,11676.8
Aug-31-2018,11680.5
Sep-03-2018,11582.35
Sep-04-2018,11520.3
Sep-05-2018,11476.95
Sep-06-2018,11536.9
Sep-07-2018,11589.1
Sep-10-2018,11438.1
Sep-11-2018,11287.5
Sep-12-2018,11369.9
Sep-14-2018,11515.2
Sep-17-2018,11377.75
Sep-18-2018,11278.9
Sep-19-2018,11234.35
Sep-21-2018,11143.1
Sep-24-2018,10967.4
Sep-25-2018,11067.45
Sep-26-2018,11053.8
Sep-27-2018,10977.55
Sep-28-2018,10930.45
Oct-01-2018,11008.3
Oct-03-2018,10858.25
Oct-04-2018,10599.25
Oct-05-2018,10316.45
Oct-08-2018,10348.05
Oct-09-2018,10301.05
Oct-10-2018,10460.1
Oct-11-2018,10234.65
Oct-12-2018,10472.5
Oct-15-2018,10512.5
Oct-16-2018,10584.75
Oct-17-2018,10453.05
Oct-19-2018,10303.55
Oct-22-2018,10245.25
Oct-23-2018,10146.8
Oct-24-2018,10224.75
Oct-25-2018,10124.9
Oct-26-2018,10030
Oct-29-2018,10250.85
Oct-30-2018,10198.4
Oct-31-2018,10386.6
Nov-01-2018,10380.45
Nov-02-2018,10553
Nov-05-2018,10524
Nov-06-2018,10530
Nov-07-2018,10598.4
Nov-09-2018,10585.2
Nov-12-2018,10482.2
Nov-13-2018,10582.5
Nov-14-2018,10576.3
Nov-15-2018,10616.7
Nov-16-2018,10682.2
Nov-19-2018,10763.4
Nov-20-2018,10656.2
Nov-21-2018,10600.05
Nov-22-2018,10526.75
Nov-26-2018,10628.6
Nov-27-2018,10685.6
Nov-28-2018,10728.85
Nov-29-2018,10858.7
Nov-30-2018,10876.75
Dec-03-2018,10883.75
Dec-04-2018,10869.5
Dec-05-2018,10782.9
Dec-06-2018,10601.15
Dec-07-2018,10693.7
Dec-10-2018,10488.45
Dec-11-2018,10549.15
Dec-12-2018,10737.6
Dec-13-2018,10791.55
Dec-14-2018,10805.45
Dec-17-2018,10888.35
Dec-18-2018,10908.7
Dec-19-2018,10967.3
Dec-20-2018,10951.7
Dec-21-2018,10754
Dec-24-2018,10663.5
Dec-26-2018,10729.85
Dec-27-2018,10779.8
Dec-28-2018,10859.9
Dec-31-2018,10862.55
Jan-01-2019,10910.1
Jan-02-2019,10792.5
Jan-03-2019,10672.25
Jan-04-2019,10727.35
Jan-07-2019,10771.8
Jan-08-2019,10802.15
Jan-09-2019,10855.15
Jan-10-2019,10821.6
Jan-11-2019,10794.95
Jan-14-2019,10737.6
Jan-15-2019,10886.8
Jan-16-2019,10890.3
Jan-17-2019,10905.2
Jan-18-2019,10906.95
Jan-21-2019,10961.85
Jan-22-2019,10922.75
Jan-23-2019,10831.5
Jan-24-2019,10849.8
Jan-25-2019,10780.55
Jan-28-2019,10661.55
Jan-29-2019,10652.2
Jan-30-2019,10651.8
Jan-31-2019,10830.95
Feb-01-2019,10893.65
Feb-04-2019,10912.25
Feb-05-2019,10934.35
Feb-06-2019,11062.45
Feb-07-2019,11069.4
Feb-08-2019,10943.6
Feb-11-2019,10888.8
Feb-12-2019,10831.4
Feb-13-2019,10793.65
Feb-14-2019,10746.05
Feb-15-2019,10724.4
Feb-18-2019,10640.95
Feb-19-2019,10604.35
Feb-20-2019,10735.45
Feb-21-2019,10789.85
Feb-22-2019,10791.65
Feb-25-2019,10880.1
Feb-26-2019,10835.3
Feb-27-2019,10806.65
Feb-28-2019,10792.5
Mar-01-2019,10863.5
Mar-05-2019,10987.45
Mar-06-2019,11053
Mar-07-2019,11058.2
Mar-08-2019,11035.4
Mar-11-2019,11168.05
Mar-12-2019,11301.2
Mar-13-2019,11341.7
Mar-14-2019,11343.25
Mar-15-2019,11426.85
Mar-18-2019,11462.2
Mar-19-2019,11532.4
Mar-20-2019,11521.05
Mar-22-2019,11456.9
Mar-25-2019,11354.25
Mar-26-2019,11483.25
Mar-27-2019,11445.05
Mar-28-2019,11570
Mar-29-2019,11623.9
Apr-01-2019,11669.15
Apr-02-2019,11713.2
Apr-03-2019,11643.95
Apr-04-2019,11598
Apr-05-2019,11665.95
Apr-08-2019,11604.5
Apr-09-2019,11671.95
Apr-10-2019,11584.3
Apr-11-2019,11596.7
Apr-12-2019,11643.45
Apr-15-2019,11690.35
Apr-16-2019,11787.15
Apr-18-2019,11752.8
Apr-22-2019,11594.45
Apr-23-2019,11575.95
Apr-24-2019,11726.15
Apr-25-2019,11641.8
Apr-26-2019,11754.65
Apr-30-2019,11748.15
May-02-2019,11724.75
May-03-2019,11712.25
May-06-2019,11598.25
May-07-2019,11497.9
May-08-2019,11359.45
May-09-2019,11301.8
May-10-2019,11278.9
May-13-2019,11148.2
May-14-2019,11222.05
May-15-2019,11157
May-16-2019,11257.1
May-17-2019,11407.15
May-20-2019,11828.25
May-21-2019,11709.1
May-22-2019,11737.9
May-23-2019,11657.05
May-24-2019,11844.1
May-27-2019,11924.75
May-28-2019,11928.75
May-29-2019,11861.1
May-30-2019,11945.9
May-31-2019,11922.8
Jun-03-2019,12088.55
Jun-04-2019,12021.65
Jun-06-2019,11843.75
Jun-07-2019,11870.65
Jun-10-2019,11922.7
Jun-11-2019,11965.6
Jun-12-2019,11906.2
Jun-13-2019,11914.05
Jun-14-2019,11823.3
Jun-17-2019,11672.15
Jun-18-2019,11691.5
Jun-19-2019,11691.45
Jun-20-2019,11831.75
Jun-21-2019,11724.1
Jun-24-2019,11699.65
Jun-25-2019,11796.45
Jun-26-2019,11847.55
Jun-27-2019,11841.55
Jun-28-2019,11788.85
Jul-01-2019,11865.6
Jul-02-2019,11910.3
Jul-03-2019,11916.75
Jul-04-2019,11946.75
Jul-05-2019,11811.15
Jul-08-2019,11558.6
Jul-09-2019,11555.9
Jul-10-2019,11498.9
Jul-11-2019,11582.9
Jul-12-2019,11552.5
Jul-15-2019,11588.35
Jul-16-2019,11662.6
Jul-17-2019,11687.5
Jul-18-2019,11596.9
Jul-19-2019,11419.25
Jul-22-2019,11346.2
Jul-23-2019,11331.05
Jul-24-2019,11271.3
Jul-25-2019,11252.15
Jul-26-2019,11284.3
Jul-29-2019,11189.2
Jul-30-2019,11085.4
Jul-31-2019,11118
Aug-01-2019,10980
Aug-02-2019,10997.35
Aug-05-2019,10862.6
Aug-06-2019,10948.25
Aug-07-2019,10855.5
Aug-08-2019,11032.45
Aug-09-2019,11109.65
Aug-13-2019,10925.85
Aug-14-2019,11029.4
Aug-16-2019,11047.8
Aug-19-2019,11053.9
Aug-20-2019,11017
Aug-21-2019,10918.7
Aug-22-2019,10741.35
Aug-23-2019,10829.35
Aug-26-2019,11057.85
Aug-27-2019,11105.35
Aug-28-2019,11046.1
Aug-29-2019,10948.3
Aug-30-2019,11023.25
Sep-03-2019,10797.9
Sep-04-2019,10844.65
Sep-05-2019,10847.9
Sep-06-2019,10946.2
Sep-09-2019,11003.05
Sep-11-2019,11035.7
Sep-12-2019,10982.8
Sep-13-2019,11075.9
Sep-16-2019,11003.5
Sep-17-2019,10817.6
Sep-18-2019,10840.65
Sep-19-2019,10704.8
Sep-20-2019,11274.2
Sep-23-2019,11600.2
Sep-24-2019,11588.2
Sep-25-2019,11440.2
Sep-26-2019,11571.2
Sep-27-2019,11512.4
Sep-30-2019,11474.45
Oct-01-2019,11359.9
Oct-03-2019,11314
Oct-04-2019,11174.75
Oct-07-2019,11126.4
Oct-09-2019,11313.3
Oct-10-2019,11234.55
Oct-11-2019,11305.05
Oct-14-2019,11341.15
Oct-15-2019,11428.3
Oct-16-2019,11464
Oct-17-2019,11586.35
Oct-18-2019,11661.85
Oct-22-2019,11588.35
Oct-23-2019,11604.1
Oct-24-2019,11582.6
Oct-25-2019,11583.9
Oct-27-2019,11627.15
Oct-29-2019,11786.85
Oct-30-2019,11844.1
Oct-31-2019,11877.45
Nov-01-2019,11890.6
Nov-04-2019,11941.3
Nov-05-2019,11917.2
Nov-06-2019,11966.05
Nov-07-2019,12012.05
Nov-08-2019,11908.15
Nov-11-2019,11913.45
Nov-13-2019,11840.45
Nov-14-2019,11872.1
Nov-15-2019,11895.45
Nov-18-2019,11884.5
Nov-19-2019,11940.1
Nov-20-2019,11999.1
Nov-21-2019,11968.4
Nov-22-2019,11914.4
Nov-25-2019,12073.75
Nov-26-2019,12037.7
Nov-27-2019,12100.7
Nov-28-2019,12151.15
Nov-29-2019,12056.05
Dec-02-2019,12048.2
Dec-03-2019,11994.2
Dec-04-2019,12043.2
Dec-05-2019,12018.4
Dec-06-2019,11921.5
Dec-09-2019,11937.5
Dec-10-2019,11856.8
Dec-11-2019,11910.15
Dec-12-2019,11971.8
Dec-13-2019,12086.7
Dec-16-2019,12053.95
Dec-17-2019,12165
Dec-18-2019,12221.65
Dec-19-2019,12259.7
Dec-20-2019,12271.8
Dec-23-2019,12262.75
Dec-24-2019,12214.55
Dec-26-2019,12126.55
Dec-27-2019,12245.8
Dec-30-2019,12255.85
Dec-31-2019,12168.45
Jan-01-2020,12182.5
Jan-02-2020,12282.2
Jan-03-2020,12226.65
Jan-06-2020,11993.05
Jan-07-2020,12052.95
Jan-08-2020,12025.35
Jan-09-2020,12215.9
Jan-10-2020,12256.8
Jan-13-2020,12329.55
Jan-14-2020,12362.3
Jan-15-2020,12343.3
Jan-16-2020,12355.5
Jan-17-2020,12352.35
Jan-20-2020,12224.55
Jan-21-2020,12169.85
Jan-22-2020,12106.9
Jan-23-2020,12180.35
Jan-24-2020,12248.25
Jan-27-2020,12119
Jan-28-2020,12055.8
Jan-29-2020,12129.5
Jan-30-2020,12035.8
Jan-31-2020,11962.1
Feb-01-2020,11661.85
Feb-03-2020,11707.9
Feb-04-2020,11979.65
Feb-05-2020,12089.15
Feb-06-2020,12137.95
Feb-07-2020,12098.35
Feb-10-2020,12031.5
Feb-11-2020,12107.9
Feb-12-2020,12201.2
Feb-13-2020,12174.65
Feb-14-2020,12113.45
Feb-17-2020,12045.8
Feb-18-2020,11992.5
Feb-19-2020,12125.9
Feb-20-2020,12080.85
Feb-24-2020,11829.4
Feb-25-2020,11797.9
Feb-26-2020,11678.5
Feb-27-2020,11633.3
Feb-28-2020,11201.75
Mar-02-2020,11132.75
Mar-03-2020,11303.3
Mar-04-2020,11251
Mar-05-2020,11269
Mar-06-2020,10989.45
Mar-09-2020,10451.45
Mar-11-2020,10458.4
Mar-12-2020,9590.15
Mar-13-2020,9955.2
Mar-16-2020,9197.4
Mar-17-2020,8967.05
Mar-18-2020,8468.8
Mar-19-2020,8263.45
Mar-20-2020,8745.45
Mar-23-2020,7610.25
Mar-24-2020,7801.05
Mar-25-2020,8317.85
Mar-26-2020,8641.45
Mar-27-2020,8660.25
Mar-30-2020,8281.1
Mar-31-2020,8597.75
Apr-01-2020,8253.8
Apr-03-2020,8083.8
Apr-07-2020,8792.2
Apr-08-2020,8748.75
Apr-09-2020,9111.9
Apr-13-2020,8993.85
Apr-15-2020,8925.3
Apr-16-2020,8992.8
Apr-17-2020,9266.75
Apr-20-2020,9261.85
Apr-21-2020,8981.45
Apr-22-2020,9187.3
Apr-23-2020,9313.9
Apr-24-2020,9154.4
Apr-27-2020,9282.3
Apr-28-2020,9380.9
Apr-29-2020,9553.35
Apr-30-2020,9859.9
May-04-2020,9293.5
May-05-2020,9205.6
May-06-2020,9270.9
May-07-2020,9199.05
May-08-2020,9251.5
May-11-2020,9239.2
May-12-2020,9196.55
May-13-2020,9383.55
May-14-2020,9142.75
May-15-2020,9136.85
May-18-2020,8823.25
May-19-2020,8879.1
May-20-2020,9066.55
May-21-2020,9106.25
May-22-2020,9039.25
May-26-2020,9029.05
May-27-2020,9314.95
May-28-2020,9490.1
May-29-2020,9580.3
Jun-01-2020,9826.15
Jun-02-2020,9979.1
Jun-03-2020,10061.55
Jun-04-2020,10029.1
Jun-05-2020,10142.15
Jun-08-2020,10167.45
Jun-09-2020,10046.65
Jun-10-2020,10116.15
Jun-11-2020,9902
Jun-12-2020,9972.9
Jun-15-2020,9813.7
Jun-16-2020,9914
Jun-17-2020,9881.15
Jun-18-2020,10091.65
Jun-19-2020,10244.4
Jun-22-2020,10311.2
Jun-23-2020,10471
Jun-24-2020,10305.3
Jun-25-2020,10288.9
Jun-26-2020,10383
Jun-29-2020,10312.4
Jun-30-2020,10302.1
Jul-01-2020,10430.05
Jul-02-2020,10551.7
Jul-03-2020,10607.35
Jul-06-2020,10763.65
Jul-07-2020,10799.65
Jul-08-2020,10705.75
Jul-09-2020,10813.45
Jul-10-2020,10768.05
Jul-13-2020,10802.7
Jul-14-2020,10607.35
Jul-15-2020,10618.2
Jul-16-2020,10739.95
Jul-17-2020,10901.7
Jul-20-2020,11022.2
Jul-21-2020,11162.25
Jul-22-2020,11132.6
Jul-23-2020,11215.45
Jul-24-2020,11194.15
Jul-27-2020,11131.8
Jul-28-2020,11300.55
Jul-29-2020,11202.85
Jul-30-2020,11102.15
Jul-31-2020,11073.45
Aug-03-2020,10891.6
Aug-04-2020,11095.25
Aug-05-2020,11101.65
Aug-06-2020,11200.15
Aug-07-2020,11214.05
Aug-10-2020,11270.15
Aug-11-2020,11322.5
Aug-12-2020,11308.4
Aug-13-2020,11300.45
Aug-14-2020,11178.4
Aug-17-2020,11247.1
Aug-18-2020,11385.35
Aug-19-2020,11408.4
Aug-20-2020,11312.2
Aug-21-2020,11371.6
Aug-24-2020,11466.45
Aug-25-2020,11472.25
Aug-26-2020,11549.6
Aug-27-2020,11559.25
Aug-28-2020,11647.6
Aug-31-2020,11387.5
Sep-01-2020,11470.25
Sep-02-2020,11535
Sep-03-2020,11527.45
Sep-04-2020,11333.85
Sep-07-2020,11355.05
Sep-08-2020,11317.35
Sep-09-2020,11278
Sep-10-2020,11449.25
Sep-11-2020,11464.45
Sep-14-2020,11440.05
Sep-15-2020,11521.8
Sep-16-2020,11604.55
Sep-17-2020,11516.1
Sep-18-2020,11504.95
Sep-21-2020,11250.55
Sep-22-2020,11153.65
Sep-23-2020,11131.85
Sep-24-2020,10805.55
Sep-25-2020,11050.25
Sep-28-2020,11227.55
Sep-29-2020,11222.4
Sep-30-2020,11247.55
Oct-01-2020,11416.95
Oct-05-2020,11503.35
Oct-06-2020,11662.4
Oct-07-2020,11738.85
Oct-08-2020,11834.6
Oct-09-2020,11914.2
Oct-12-2020,11930.95
Oct-13-2020,11934.5
Oct-14-2020,11971.05
Oct-15-2020,11680.35
Oct-16-2020,11762.45
Oct-19-2020,11873.05
Oct-20-2020,11896.8
Oct-21-2020,11937.65
Oct-22-2020,11896.45
Oct-23-2020,11930.35
Oct-26-2020,11767.75
Oct-27-2020,11889.4
Oct-28-2020,11729.6
Oct-29-2020,11670.8
Oct-30-2020,11642.4
Nov-02-2020,11669.15
Nov-03-2020,11813.5
Nov-04-2020,11908.5
Nov-05-2020,12120.3
Nov-06-2020,12263.55
Nov-09-2020,12461.05
Nov-10-2020,12631.1
Nov-11-2020,12749.15
Nov-12-2020,12690.8
Nov-13-2020,12719.95
Nov-14-2020,12780.25
Nov-17-2020,12874.2
Nov-18-2020,12938.25
Nov-19-2020,12771.7
Nov-20-2020,12859.05
Nov-23-2020,12926.45
Nov-24-2020,13055.15
Nov-25-2020,12858.4
Nov-26-2020,12987
Nov-27-2020,12968.95
Dec-01-2020,13109.05
Dec-02-2020,13113.75
Dec-03-2020,13133.9
Dec-04-2020,13258.55
Dec-07-2020,13355.75
Dec-08-2020,13392.95
Dec-09-2020,13529.1
Dec-10-2020,13478.3
Dec-11-2020,13513.85
Dec-14-2020,13558.15
Dec-15-2020,13567.85
Dec-16-2020,13682.7
Dec-17-2020,13740.7
Dec-18-2020,13760.55
Dec-21-2020,13328.4
Dec-22-2020,13466.3
Dec-23-2020,13601.1
Dec-24-2020,13749.25
Dec-28-2020,13873.2
Dec-29-2020,13932.6
Dec-30-2020,13981.95
Dec-31-2020,13981.75
Jan-01-2021,14018.5
Jan-04-2021,14132.9
Jan-05-2021,14199.5
Jan-06-2021,14146.25
Jan-07-2021,14137.35
Jan-08-2021,14347.25
Jan-11-2021,14484.75
Jan-12-2021,14563.45
Jan-13-2021,14564.85
Jan-14-2021,14595.6
Jan-15-2021,14433.7
Jan-18-2021,14281.3
Jan-19-2021,14521.15
Jan-20-2021,14644.7
Jan-21-2021,14590.35
Jan-22-2021,14371.9
Jan-25-2021,14238.9
Jan-27-2021,13967.5
Jan-28-2021,13817.55
Jan-29-2021,13634.6
Feb-01-2021,14281.2
Feb-02-2021,14647.85
Feb-03-2021,14789.95
Feb-04-2021,14895.65
Feb-05-2021,14924.25
Feb-08-2021,15115.8
Feb-09-2021,15109.3
Feb-10-2021,15106.5
Feb-11-2021,15173.3
Feb-12-2021,15163.3
Feb-15-2021,15314.7
Feb-16-2021,15313.45
Feb-17-2021,15208.9
Feb-18-2021,15119
Feb-19-2021,14981.75
Feb-22-2021,14675.7
Feb-23-2021,14707.8
Feb-24-2021,14767.5
Feb-25-2021,15097.4
Feb-26-2021,14529.1
Mar-01-2021,14761.5
Mar-02-2021,14919.1
Mar-03-2021,15245.6
Mar-04-2021,15080.8
Mar-05-2021,14938.1
Mar-08-2021,14956.2
Mar-09-2021,15098.4
Mar-10-2021,15174.8
Mar-12-2021,15031
Mar-15-2021,14929.5
Mar-16-2021,14910.5
Mar-17-2021,14721.3
Mar-18-2021,14557.9
Mar-19-2021,14744
Mar-22-2021,14736.4
Mar-23-2021,14814.8
Mar-24-2021,14549.4
Mar-25-2021,14324.9
Mar-26-2021,14507.3
Mar-30-2021,14845.1
Mar-31-2021,14690.7
Apr-01-2021,14865.95
Apr-05-2021,14637.8
Apr-06-2021,14683.5
Apr-07-2021,14819
Apr-08-2021,14873.8
Apr-09-2021,14834.9
Apr-12-2021,14310.8
Apr-13-2021,14504.8
Apr-15-2021,14581.5
Apr-16-2021,14617.9
Apr-19-2021,14359.5
Apr-20-2021,14296.4
Apr-22-2021,14406.1
Apr-23-2021,14341.4
Apr-26-2021,14485
Apr-27-2021,14653
Apr-28-2021,14864.5
Apr-29-2021,14894.9
Apr-30-2021,14631.1
May-03-2021,14634.1
May-04-2021,14496.5
May-05-2021,14617.9
May-06-2021,14724.8
May-07-2021,14823.1
May-10-2021,14949.4
May-11-2021,14850.8
May-12-2021,14696.5
May-14-2021,14677.8
May-17-2021,14923.1
May-18-2021,15108.1
May-19-2021,15030.1
May-20-2021,14906
May-21-2021,15175.3
May-24-2021,15197.7
May-25-2021,15208.5
May-26-2021,15301.45
May-27-2021,15337.9
May-28-2021,15435.6
May-31-2021,15582.8
Jun-01-2021,15574.9
Jun-02-2021,15576.2
Jun-03-2021,15690.4
Jun-04-2021,15670.3
Jun-07-2021,15751.6
Jun-08-2021,15740.1
Jun-10-2021,15737.8
Jun-11-2021,15799.4
Jun-14-2021,15811.9
Jun-15-2021,15859.2
Jun-16-2021,15767.5
Jun-17-2021,15691.4
Jun-18-2021,15683.4
Jun-21-2021,15746.5
Jun-22-2021,15772.8
Jun-23-2021,15687
Jun-24-2021,15790.5
Jun-25-2021,15847.6
Jun-28-2021,15825
Jun-29-2021,15748.5
Jun-30-2021,15721.5
Jul-01-2021,15680
Jul-02-2021,15722.2
Jul-05-2021,15834.4
Jul-06-2021,15818.3
Jul-07-2021,15879.6
Jul-08-2021,15727.9
Jul-09-2021,15689.8
Jul-12-2021,15692.6
Jul-13-2021,15812.4
Jul-14-2021,15854
Jul-15-2021,15924.2
Jul-16-2021,15923.4
Jul-19-2021,15752.4
Jul-22-2021,15824
Jul-23-2021,15856
Jul-26-2021,15824.5
Jul-27-2021,15746.5
Jul-28-2021,15709.4
Jul-29-2021,15778.5
Jul-30-2021,15763
Aug-02-2021,15885.1
Aug-03-2021,16130.8
Aug-04-2021,16258.8
Aug-05-2021,16294.6
Aug-06-2021,16238.2
Aug-09-2021,16258.3
Aug-10-2021,16268.3
Aug-11-2021,16275.95
Aug-12-2021,16364.4
Aug-13-2021,16529.1
Aug-18-2021,16568.8
Aug-20-2021,16450.5
Aug-23-2021,16496.5
Aug-24-2021,16624.6
Aug-25-2021,16634.7
Aug-26-2021,16636.9
Aug-27-2021,16705.2
Aug-30-2021,16931
Aug-31-2021,17132.2
Sep-01-2021,17076.3
Sep-02-2021,17234.2
Sep-03-2021,17323.6
Sep-06-2021,17377.8
Sep-07-2021,17362.1
Sep-08-2021,17353.5
Sep-09-2021,17369.3
Sep-13-2021,17355.3
Sep-14-2021,17380
Sep-15-2021,17519.5
Sep-16-2021,17629.5
Sep-17-2021,17585.2
Sep-20-2021,17396.9
Sep-21-2021,17562
Sep-22-2021,17546.7
Sep-23-2021,17823
Sep-24-2021,17853.2
Sep-27-2021,17855.1
Sep-28-2021,17748.6
Sep-29-2021,17711.3
Sep-30-2021,17618.2
Oct-01-2021,17532
Oct-04-2021,17691.3
Oct-05-2021,17822.3
Oct-06-2021,17646
Oct-07-2021,17790.3
Oct-08-2021,17895.2
Oct-11-2021,17946
Oct-12-2021,17992
Oct-13-2021,18161.8
Oct-18-2021,18477
Oct-20-2021,18266.6
Oct-21-2021,18178.1
Oct-22-2021,18114.9
Oct-25-2021,18125.4
Oct-26-2021,18268.4
Oct-27-2021,18211
Oct-28-2021,17857.3
Oct-29-2021,17671.7
Nov-01-2021,17929.7
Nov-02-2021,17889
Nov-03-2021,17829.2
Nov-08-2021,18068.5
Nov-09-2021,18044.3
Nov-10-2021,18017.2
Nov-11-2021,17873.6
Nov-12-2021,18102.8
Nov-15-2021,18109.5
Nov-16-2021,17999.2
Nov-17-2021,17898.7
Nov-22-2021,17416.5
Nov-23-2021,17503.3
Nov-24-2021,17415
Nov-25-2021,17536.3
Nov-26-2021,17026.5
Nov-29-2021,17054
Nov-30-2021,16983.2
Dec-01-2021,17166.9
Dec-02-2021,17401.7
Dec-03-2021,17196.7
Dec-06-2021,16912.3
Dec-07-2021,17176.7
Dec-08-2021,17469.8
Dec-09-2021,17516.8
Dec-10-2021,17511.3
Dec-13-2021,17368.3
Dec-14-2021,17324.9
Dec-15-2021,17221.4
Dec-16-2021,17248.4
Dec-17-2021,16985.2
Dec-20-2021,16614.2
Dec-21-2021,16770.8
Dec-22-2021,16955.5
Dec-23-2021,17072.6
Dec-24-2021,17003.8
Dec-27-2021,17086.3
Dec-28-2021,17233.3
Dec-29-2021,17213.6
Dec-30-2021,17204
Dec-31-2021,17354
Jan-03-2022,17625.7
Jan-04-2022,17805.3
Jan-05-2022,17925.3
Jan-06-2022,17745.9
Jan-07-2022,17812.7
Jan-10-2022,18003.3
Jan-11-2022,18055.8
Jan-12-2022,18212.3
Jan-13-2022,18257.8
Jan-14-2022,18255.8
Jan-17-2022,18308.1
Jan-18-2022,18113
Jan-19-2022,17938.4
Jan-20-2022,17757
Jan-21-2022,17617.2
Jan-24-2022,17149.1
Jan-25-2022,17278
Jan-27-2022,17110.2
Jan-28-2022,17102
Jan-31-2022,17339.8
Feb-01-2022,17576.8
Feb-02-2022,17780
Feb-03-2022,17560.2
Feb-04-2022,17516.3
Feb-07-2022,17213.6
Feb-08-2022,17266.8
Feb-09-2022,17463.8
Feb-10-2022,17605.8
Feb-11-2022,17374.8
Feb-14-2022,16842.8
Feb-15-2022,17352.5
Feb-16-2022,17322.2
Feb-17-2022,17304.6
Feb-18-2022,17276.3
Feb-21-2022,17206.7
Feb-22-2022,17092.2
Feb-23-2022,17063.3
Feb-24-2022,16248
Feb-25-2022,16658.4
Feb-28-2022,16793.9
Mar-02-2022,16606
Mar-03-2022,16498
Mar-04-2022,16245.4
Mar-07-2022,15863.1
Mar-08-2022,16013.5
Mar-09-2022,16345.4
Mar-10-2022,16594.9
Mar-11-2022,16630.5
Mar-14-2022,16871.3
Mar-15-2022,16663
Mar-16-2022,16975.3
Mar-17-2022,17287
Mar-21-2022,17117.6
Mar-22-2022,17315.5
Mar-23-2022,17245.7
Mar-24-2022,17222.8
Mar-25-2022,17153
Mar-28-2022,17222
Mar-29-2022,17325.3
Mar-30-2022,17498.3
Mar-31-2022,17464.8
Apr-01-2022,17688.35
Apr-04-2022,18053.4
Apr-05-2022,17957.4
Apr-06-2022,17807.7
Apr-07-2022,17639.5
Apr-08-2022,17784.3
Apr-11-2022,17675
Apr-12-2022,17530.3
Apr-13-2022,17475.7
Apr-18-2022,17173.7
Apr-19-2022,16958.7
Apr-20-2022,17136.5
Apr-21-2022,17392.6
Apr-22-2022,17172
Apr-25-2022,16954
Apr-26-2022,17200.8
Apr-27-2022,17038.4
Apr-28-2022,17245
Apr-29-2022,17102.5
May-04-2022,16677.6
May-05-2022,16682.7
May-06-2022,16411.3
May-09-2022,16301.9
May-10-2022,16240
May-11-2022,16167.1
May-12-2022,15808
May-13-2022,15782.1
May-16-2022,15864.5
May-17-2022,16259.3
May-18-2022,16240.3
May-19-2022,15809.4
May-20-2022,16266.1
May-23-2022,16214.7
May-24-2022,16125.1
May-25-2022,16025.8
May-26-2022,16170.1
May-27-2022,16352.5
May-30-2022,16661.4
May-31-2022,16584.5
Jun-01-2022,16522.8
Jun-02-2022,16628
Jun-03-2022,16584.3
Jun-06-2022,16569.5
Jun-07-2022,16416.3
Jun-08-2022,16356.3
Jun-09-2022,16478.1
Jun-10-2022,16201.8
Jun-13-2022,15774.4
Jun-14-2022,15732.1
Jun-15-2022,15692.1
Jun-16-2022,15360.6
Jun-17-2022,15293.5
Jun-20-2022,15350.1
Jun-21-2022,15638.8
Jun-22-2022,15413.3
Jun-23-2022,15556.6
Jun-24-2022,15699.3
Jun-27-2022,15832
Jun-28-2022,15850.2
Jun-29-2022,15799.1
Jun-30-2022,15780.3
Jul-01-2022,15752
Jul-04-2022,15835.4
Jul-05-2022,15810.9
Jul-06-2022,15989.8
Jul-07-2022,16132.9
Jul-08-2022,16220.6
Jul-11-2022,16216
Jul-12-2022,16058.3
Jul-13-2022,15966.6
Jul-14-2022,15938.6
Jul-15-2022,16049.2
Jul-18-2022,16278.5
Jul-19-2022,16340.5
Jul-20-2022,16520.8
Jul-21-2022,16605.3
Jul-22-2022,16719.5
Jul-25-2022,16631
Jul-26-2022,16483.8
Jul-27-2022,16641.8
Jul-28-2022,16929.6
Jul-29-2022,17158.3
Aug-01-2022,17340
Aug-02-2022,17345.5
Aug-03-2022,17388.2
Aug-04-2022,17382
Aug-05-2022,17397.5
Aug-08-2022,17525.1
Aug-10-2022,17534.8
Aug-11-2022,17659
Aug-12-2022,17698.2
Aug-17-2022,17929.05
Aug-18-2022,17956.5
Aug-19-2022,17758.5
Aug-22-2022,17490.70
Aug-23-2022,17577.50
Aug-24-2022,17605.00
Aug-25-2022,17522.50
Aug-26-2022,17558.90
Aug-29-2022,17312.90
Aug-30-2022,17759.30
Sep-01-2022,17542.80
Sep-02-2022,17539.50
Sep-05-2022,17665.80
Sep-06-2022,17655.60
Sep-07-2022,17624.40
Sep-08-2022,17798.80
Sep-09-2022,17833.30
Sep-12-2022,17936.30
Sep-13-2022,18070.00
Sep-14-2022,18003.80
Sep-15-2022,17877.40
Sep-16-2022,17530.80
Sep-19-2022,17622.30
Sep-20-2022,17816.30
Sep-21-2022,17718.30
Sep-22-2022,17629.80
Sep-23-2022,17327.30
Sep-26-2022,17016.30
Sep-27-2022,17007.40
Sep-28-2022,16858.60
Sep-29-2022,16818.10
Sep-30-2022,17094.30
Oct-03-2022,16887.30
Oct-06-2022,17331.80
Oct-07-2022,17314.70
Oct-10-2022,17241.00
Oct-11-2022,16983.50
