"","x"
"1",0.0185872316815203
"2",-0.00194055765498935
"3",-0.0564879246827671
"4",-0.0135213304410701
"5",-0.0375284028439493
"6",-0.00350316045998015
"7",0.0296140619029422
"8",-0.0287251809241047
"9",0.0301478736005503
"10",-0.00181750741839761
"11",-0.00449630262717856
"12",-0.0247480403135498
"13",-0.00673632640563396
"14",-0.00427729181919774
"15",0.018498452012384
"16",0.0257618360057754
"17",-0.00811231293524958
"18",0.0259551107293573
"19",-0.0261357018054747
"20",0.00355087089780963
"21",-0.00648068829379118
"22",-0.0023617619493909
"23",0.0202540207425222
"24",0.0232772273581084
"25",0.00734261958751744
"26",-0.00242969950334076
"27",-0.00870375013431721
"28",0.0216071686659923
"29",-0.0400367829100941
"30",-0.019195343010832
"31",0.0096915968596222
"32",0.00472487815766951
"33",-0.0267347996741465
"34",0.00117942474509216
"35",0.0127683830514915
"36",0.00210123447525425
"37",0.000561650503613306
"38",-0.0313599281490907
"39",-0.011358368103848
"40",0.00562719812426737
"41",-0.03345768244346
"42",0.0250874442166204
"43",-0.013923206651763
"44",0.0131652215416434
"45",0.0280689357358772
"46",0.0202382770734688
"47",-0.00864585672580289
"48",0.0104957148789973
"49",0.00298897814309726
"50",0.00253306016017886
"51",0.0425444952253558
"52",0.00135433744386629
"53",0.0125996583143508
"54",0.0327943760984183
"55",0.00758942245516123
"56",-0.0420522866986422
"57",0.0143859525404604
"58",0.0175536167402413
"59",0.0410944865751178
"60",0.0117793746103619
"61",0.0255545466338047
"62",-0.000885403491019438
"63",0.00974806937587036
"64",0.0324097291875628
"65",-0.0340639990284778
"66",0.00449459391501134
"67",-0.00384868112268848
"68",0.0012250282698832
"69",-0.0134274509803922
"70",0.0326263236556746
"71",0.0168447633418534
"72",-0.00466384009691107
"73",-0.0320087628552303
"74",0.0310869428553466
"75",0.00573118312349488
"76",0.0415870995119881
"77",0.0181008643017199
"78",-0.0133199942832643
"79",0.00434543294996954
"80",-0.0169027084715451
"81",-0.0142593081594929
"82",0.036134178646903
"83",-0.00611875556576947
"84",-0.0153188045551766
"85",0.0282669954209229
"86",0.140247209614342
"87",0.0114910875225314
"88",-0.0103705170408137
"89",-0.0150060024009604
"90",0.011476741824091
"91",-0.00125514609900585
"92",-0.0222691398984568
"93",0.0385861182519281
"94",0.00450483898913381
"95",0.0253800852573738
"96",0.0189123591185447
"97",-0.00429245283018856
"98",0.00461888294092551
"99",0.00610661825383728
"100",0.0052727784026997
"101",-0.0325197566263374
"102",0.0223121777263745
"103",0.024747808051287
"104",-0.00135700814204896
"105",-0.0122296690389
"106",-0.0201221786980041
"107",0.0112790005948841
"108",-0.0334596108143722
"109",-0.0191834846751223
"110",0.0157859465362753
"111",-0.0179596823457544
"112",0.00390644438915162
"113",0.00495699804198567
"114",-0.0105063259920585
"115",0.026071134817178
"116",0.0111011246872495
"117",-0.0239044781856622
"118",0.0110758325334122
"119",0.00520947442732293
"120",0.0125202818879714
"121",-0.0521167184884
"122",0.00837728041179886
"123",-0.0410379601131046
"124",0.00245283511207372
"125",-0.0177265273186351
"126",-0.0103614585541657
"127",0.0373811755255054
"128",0.0249864484654501
"129",-0.00224130549749442
"130",0.0340232205956589
"131",0.0244581136496777
"132",-0.00667143197522042
"133",-0.0130247061645478
"134",0.0250078985102195
"135",0.00806145675265545
"136",-0.000752657822937164
"137",0.00129460502777516
"138",-0.0126237100072874
"139",0.00923765534974521
"140",0.0139183769757017
"141",0.0168217775709634
"142",-0.00590348488662112
"143",0.00246288410634134
"144",-0.0212849008082292
"145",-0.0200351906158358
"146",-0.00790021785449231
"147",0.00620158779952216
"148",0.000479639311238024
"149",0.0292439714272017
"150",-0.00246867576505663
"151",-0.0368416137467315
"152",0.0107625927182819
"153",-0.0141253777159576
"154",0.013379065411467
"155",0.016298999015819
"156",0.0236903018564883
"157",-0.000276874091506898
"158",0.00669297699000667
"159",0.000550218941287075
"160",0.00678230185825904
"161",-0.00828421220328176
"162",-0.0176706827309238
"163",0.00434528676556477
"164",-0.00560582447489009
"165",0.0212397660818714
"166",0.0195382289614733
"167",0.00157264496416617
"168",0.00143558915232947
"169",-0.000739164520103063
"170",0.00712812696135564
"171",-0.00329401290896958
"172",0.0149167076057346
"173",0.0104290429042904
"174",0.00563975263478792
"175",0.000151570924366063
"176",0.00959082052392304
"177",-0.0126519846460662
"178",0.00460439154703219
"179",-0.00354556264187659
"180",0.00377514048295762
"181",0.015367988760402
"182",0.00240548365122615
"183",-0.0112977553144046
"184",0.00678737891187137
"185",-0.0102404369253087
"186",0.00142262841376937
"187",-0.0106760799845025
"188",0.0205382590344406
"189",0.00554288272539291
"190",0.00629677528780709
"191",0.000589920782066381
"192",0.00505348269182182
"193",-0.00506997402162066
"194",-0.00680143188039588
"195",-0.0131235821654971
"196",0.00307209761966144
"197",-0.00503308988884366
"198",-0.0207292922335113
"199",-0.00591299760402711
"200",-0.0106359455156553
"201",-0.00820240037547783
"202",-0.0280331710834685
"203",0.0296763423908004
"204",0.0119337116094749
"205",0.00449468203462236
"206",0.0196260854155592
"207",-0.000499674125570351
"208",0.0167365835633709
"209",-0.00241571712593795
"210",0.00649322818446763
"211",0.00860178423148175
"212",0.0010554980895484
"213",-0.0021720334872736
"214",-0.0103343336573819
"215",0.0132183048965385
"216",0.00493171471927166
"217",-4.1944549305869e-05
"218",0.000796979865771892
"219",-0.0155287312963663
"220",-0.0099197479617684
"221",0.011072649480768
"222",0.0202228554416704
"223",-0.00429372407611972
"224",0.00508676812291981
"225",-0.00379056108634986
"226",-0.00963789931426657
"227",0.0153680521838254
"228",-0.00835776211563637
"229",0.00524141979579428
"230",-0.00490124512482532
"231",-0.00190727699530519
"232",-0.0106885617689675
"233",0.00186788928510785
"234",-0.00146186440677972
"235",-0.00768071969616604
"236",-0.00605101669909558
"237",0.00993847610033135
"238",0.0270938059129249
"239",0.00416839485690586
"240",0.00247826356332991
"241",-0.00601553326054252
"242",0.00739911708014672
"243",-0.0326914372711188
"244",0.00950719952357649
"245",0.00316028990392716
"246",-0.00510354097534328
"247",-0.00422199235819389
"248",0.00474868033325568
"249",-0.0087561979111722
"250",0.00696040868454673
"251",0.000169108165810463
"252",0.00232484412976856
"253",-0.00301528729573011
"254",-4.22993951185512e-05
"255",0.00543570219966155
"256",-0.0354460735847866
"257",-0.00338044142022145
"258",0.0189509158150426
"259",-0.0459377617421559
"260",-0.000877903835764485
"261",0.00603807592655178
"262",0.0150493807806867
"263",-0.0204081632653062
"264",0.00245495495495499
"265",-0.00559437417151593
"266",0.100112968820606
"267",-0.043252346429525
"268",-0.0686916389395729
"269",0.00550881641120213
"270",6.87694846873307e-05
"271",0.000206294267311535
"272",-0.0126271885599047
"273",0.0239990716026459
"274",0.00874906502867252
"275",-0.00723514211886311
"276",-0.00939275286875041
"277",0.00817949186620355
"278",0.00664007614558309
"279",-0.0132600914023278
"280",-0.00193931097421859
"281",0.0145388044347926
"282",0.0212703634438161
"283",0.0122448979591837
"284",-0.000980819529206663
"285",0.000676339042216621
"286",0.00477477870317885
"287",-0.00583704025170876
"288",0.00571852627902917
"289",0.00651069924909929
"290",-0.0036224071758161
"291",-0.00175286734473064
"292",0.0139608489236707
"293",0.0103906099672888
"294",-0.0036818383799911
"295",0.00645640862270366
"296",-0.0106353795184538
"297",0.00209022075290603
"298",0.0058744652321053
"299",0.00262383884551096
"300",6.33138467382841e-05
"301",-0.00185708859156715
"302",-0.00361537485728782
"303",0.009145500456214
"304",0.0134151982842003
"305",-0.00802971200929539
"306",0.000962161936037135
"307",-0.00445094556472665
"308",-0.00149028168422831
"309",0.00107208173046608
"310",-0.00191088152534545
"311",-0.00124129515474106
"312",-0.00777300303336703
"313",-0.00585949939494307
"314",-0.000597945629658075
"315",0.000833351139981655
"316",0.00907382894231174
"317",0.00641093455768792
"318",-0.00807299331455242
"319",0.00710016531728203
"320",-0.0142264873624177
"321",0.00352255502657926
"322",0.000957324596860012
"323",-0.00422945314658573
"324",-0.0132331597370443
"325",0.00255234469631429
"326",-0.00632146709816611
"327",-0.016848687495929
"328",0.0316909962235817
"329",-0.0123512287010874
"330",0.0109885346453109
"331",0.00272263430947996
"332",-0.0167831868813205
"333",0.000130468817952514
"334",-0.00113058224985867
"335",-0.00182839232075232
"336",-0.00693444982336774
"337",-0.0103645147123408
"338",0.00330611520369222
"339",-0.00798372293606381
"340",0.000691100410201507
"341",0.00351995009691005
"342",0.0128982128982128
"343",0.00230131942313602
"344",-0.0104742953357678
"345",0.00455228498187916
"346",0.0121870737823926
"347",0.0285143006172302
"348",-0.035119601048094
"349",-0.00567211247864746
"350",0.00125542365041962
"351",0.0176198856137264
"352",0.00201033267763335
"353",0.0136557794365104
"354",0.00576755272735013
"355",-0.00135426806043421
"356",0.00735262957155558
"357",-0.00233482678109415
"358",0.0180054817625975
"359",0.0072280672686605
"360",-0.00740238109925358
"361",-0.00965342945331761
"362",0.00704917689878043
"363",-0.00799684280491854
"364",-0.000230323080466567
"365",0.0065971349585324
"366",-0.00522231238166583
"367",-0.00985108341002252
"368",0.00673834519760874
"369",0.0016575744859421
"370",-0.00865120760803529
"371",0.00933947512994971
"372",0.00397755819795674
"373",0.0116560323616499
"374",0.00981099408454767
"375",-0.00759292143775641
"376",2.05672446061922e-05
"377",-0.00345522602936941
"378",-0.00278614768646547
"379",0.00109687700490485
"380",0.0017985611510792
"381",0.0115148888751315
"382",-0.00126486729093997
"383",-0.00524971912981305
"384",0.0109860774569797
"385",-0.00735279182662025
"386",0.00671154672505158
"387",-0.0103254131181527
"388",0.00404592224435718
"389",0.0013295696285388
"390",0.000571977202622897
"391",0.013821685959862
"392",-0.00829674976841595
"393",0.00363481297973429
"394",-0.00876074860900354
"395",0.00387818419333779
"396",-0.00030498963035258
"397",-0.00235930603860312
"398",-0.00766549101955118
"399",-0.000205444273240843
"400",0.0100893866228295
"401",0.00740499633818871
"402",0.00700726978998373
"403",0.0084625102773378
"404",-0.00519000178965584
"405",-0.00821539937634927
"406",-0.0108430578229235
"407",-0.000122251879622654
"408",0.00401442748558276
"409",-0.00397807996752598
"410",0.00132453030117791
"411",0.0037648303791285
"412",0.00466304435974382
"413",0.00766840214715251
"414",0.00424560419754082
"415",0.0122243050293144
"416",-0.00486613211450186
"417",0.027419227114349
"418",0.00416209029423668
"419",0.00990156007138331
"420",-0.00167208193201469
"421",0.0094783121752537
"422",0.0144044948057089
"423",0.00644945449138526
"424",-0.0133887349953832
"425",0.00729995320542818
"426",9.29108984484355e-05
"427",0.0152545522110739
"428",-0.0124082648560604
"429",0.00832051590904876
"430",-0.00845401749614057
"431",0.0210186832740214
"432",0.00738844715535714
"433",0.00228857693763169
"434",-0.146152463142754
"435",0.163483607420353
"436",-0.0058456248303321
"437",0.0100851962426272
"438",-0.008290379555203
"439",0.0211354632355613
"440",-0.00987737813451031
"441",-0.0174713304813603
"442",0.00561633310160627
"443",-0.0121341119540105
"444",-0.00521159441641194
"445",0.0191969492215702
"446",-0.00801002615518736
"447",0.0111874027281882
"448",-0.00260746749719332
"449",-0.0102574343705747
"450",0.000953830915127384
"451",-0.000879620297238392
"452",0.017406137084793
"453",0.00237966468361273
"454",0.00365094780763287
"455",0.0106442075082878
"456",0.00799659568432065
"457",0.00587510993843441
"458",-0.00522873531057638
"459",-0.00859629076206376
"460",-0.020338321866799
"461",0.0100092309363065
"462",-0.0192824629941579
"463",-0.000621276906771899
"464",-0.0165289256198348
"465",0.0197999553803823
"466",-0.0109930177018577
"467",-0.0097880184331797
"468",-0.0112995401999292
"469",-0.005817894261184
"470",0.0104539514800295
"471",0.00551026145628346
"472",0.00574102033588697
"473",0.0133439590785255
"474",-0.00149971651699985
"475",-0.00346185548127118
"476",0.00334521927728563
"477",-0.0161024400967245
"478",-0.0179113370198664
"479",0.0149581966746924
"480",0.00894725044829646
"481",0.0066833287049893
"482",-0.0110710607621009
"483",0.0089262468851117
"484",0.000479227338076517
"485",0.00456890198968308
"486",-0.00238409624413137
"487",0.00231626162726567
"488",0.00315457413249206
"489",0.0016820242796548
"490",-0.000219026064101507
"491",0.00502044691105591
"492",-0.000635774100379715
"493",0.0108513886869275
"494",-0.00789383777174402
"495",-0.00614419835429729
"496",-0.00532506610741318
"497",-0.0113488440313147
"498",-0.0135561160151324
"499",-0.0216569849416277
"500",-0.0100305528333429
"501",0.0263786175973913
"502",-0.0166420817731382
"503",-0.0143467056425246
"504",-0.00347303519862648
"505",0.0131573794885853
"506",-0.00415491052448505
"507",0.00374531835205988
"508",-0.00373134328358205
"509",0.00714133240185524
"510",-0.010115801845893
"511",-0.0138591505430763
"512",-0.018218783308989
"513",-0.00512676169605331
"514",-0.0149745372241533
"515",0.000430831093695521
"516",0.0212656878024772
"517",-0.0202204775004519
"518",0.0092839283518466
"519",-0.0204073344569213
"520",-0.0104680568798971
"521",-0.00383350440957747
"522",0.0145939353156411
"523",0.0266125020726247
"524",-0.000121133812484719
"525",0.00470459960424821
"526",0.00407966398038552
"527",-0.00918698210640093
"528",0.00951457487424998
"529",-0.00544283027174128
"530",-0.013218783952356
"531",-0.0214292996227954
"532",0.00452139850814683
"533",0.00599448258696151
"534",0.0278762886597937
"535",0.00250742196902832
"536",0.00462212617804193
"537",-0.013045729764181
"538",0.00791072185336918
"539",0.00256281910101111
"540",-0.00353483913486309
"541",-0.0081569664902999
"542",0.0113762654327225
"543",-0.0116678654199632
"544",0.00648904342201015
"545",-0.00861636104360405
"546",-0.008853322528363
"547",-0.00155346156204649
"548",0.00790222531578184
"549",0.00619503178762212
"550",0.0103758730671404
"551",0.0110684887716775
"552",0.0149587005493419
"553",0.00373809941008119
"554",0.0119096110949471
"555",-0.00193601564147289
"556",0.00870016132749487
"557",0.00942480150796819
"558",-0.00282933454051604
"559",-0.00189157492528282
"560",-0.0019141113595876
"561",-0.0029811069970568
"562",-0.00664660623143147
"563",0.0138231177744973
"564",-0.0103063540090772
"565",-0.0137575236457437
"566",0.00154993703380797
"567",0.0219943901731309
"568",0.00490233192004846
"569",0.00148801115066585
"570",-0.00498401354147076
"571",0.00149324260466876
"572",-0.0119470028687906
"573",-0.00884414815380797
"574",-0.00362318840579701
"575",-0.0173114119922631
"576",-0.00604271233146348
"577",-0.0117034337993584
"578",0.014627206604284
"579",-0.00122440112960874
"580",-0.00593178447849736
"581",0.00429636996519147
"582",-0.0128141649006753
"583",0.0119573067972072
"584",-0.00553132434575726
"585",-0.013297183070513
"586",0.000181840223057347
"587",0.00555521887562367
"588",0.00564506408453531
"589",-0.0158213308296209
"590",0.00259808796963485
"591",-0.00755137159631551
"592",0.0107910733956184
"593",0.0132994288712639
"594",-0.00286795459071895
"595",0.00950745016578115
"596",0.000593565747299298
"597",0.000751403938938478
"598",-0.00756767437265368
"599",0.00368327791825119
"600",0.00398714591763867
"601",-0.00665836840337455
"602",0.0040774922428196
"603",-0.00594282997563448
"604",0.00346744783882345
"605",-0.00428954423592481
"606",-0.0121063443626719
"607",-0.00831785512396025
"608",0.0024022801302932
"609",-0.0167959705918193
"610",0.00353225506599738
"611",-0.000205837553003129
"612",0.00531170221526796
"613",0.0231415113659636
"614",0.00532425940752599
"615",0.00732688249114009
"616",0.00462505435427129
"617",0.00438734555756668
"618",0.0011361187831776
"619",0.0016826781975777
"620",0.000390663150698371
"621",-0.000117153177779952
"622",0.0133179714503309
"623",-0.00882619336686513
"624",-0.00558007504909298
"625",-0.0076838853478278
"626",0.0055760250625579
"627",0.002645191629438
"628",-0.00318539797932416
"629",0.00403858218318687
"630",0.00855234896707936
"631",-0.0187020831719972
"632",0.0012034881426824
"633",0.0110154294835162
"634",0.00537948777920718
"635",-0.0140746772129813
"636",-0.00379502910177766
"637",-0.00248702208712468
"638",0.00304727229554591
"639",0.00234755676550077
"640",-0.0141507577248573
"641",-0.00187658461599891
"642",-0.0130407824469468
"643",-0.0209950349579492
"644",-0.0129375478689271
"645",-0.00446690713866288
"646",0.0164942807187546
"647",-0.00397894475069425
"648",-0.0122133910365777
"649",-0.00526592943654555
"650",0.00537850714663839
"651",-0.02059858042503
"652",-0.0128384335820734
"653",0.00917131404670615
"654",0.00945493793847804
"655",-0.0117400508949383
"656",-0.0136971480503742
"657",-0.0144797174261206
"658",0.0342601455889228
"659",0.0058760223848471
"660",0.0126891061990457
"661",-0.0037188860245954
"662",0.00803817603393436
"663",0.00662753266426808
"664",0.00259175654209519
"665",-0.0105278519012676
"666",-0.0182247224153552
"667",-0.000515043564101483
"668",0.00798728904539013
"669",0.00617731010096705
"670",-8.46811753746673e-05
"671",-0.00874407181571809
"672",0.0218073858903437
"673",-0.000459866220735902
"674",-0.0303023965870592
"675",-0.00981259030818
"676",-0.0127194319815308
"677",0.0210677255680564
"678",-0.0051636599330236
"679",0.00964253138166187
"680",-0.0127124112712411
"681",-0.00856227804527333
"682",-0.0132290247439897
"683",-0.00681453768038492
"684",0.0252477689582492
"685",0.0149155804391567
"686",-0.0038788087747274
"687",0.0250075714965604
"688",0.000654256890802389
"689",0.00906924261278567
"690",-0.00723198796062127
"691",-0.0100848474640503
"692",0.0153770896252499
"693",-0.00687040489306891
"694",-0.00639065235273021
"695",0.00515814052218217
"696",0.0162186133930269
"697",0.0349119926851063
"698",-0.0113250737936989
"699",-0.0116172796880395
"700",0.00240419192438092
"701",0.00153745233897755
"702",0.00429825818204149
"703",0.00533963763833127
"704",-0.0111496280078655
"705",-0.00824125135816644
"706",-0.00448560266242235
"707",-0.0111295681063122
"708",-0.00854611120443481
"709",-0.0141898045195587
"710",-0.0126109094033986
"711",-0.0151436031331592
"712",0.00331389183457049
"713",-0.0139604527238297
"714",0.00625279142474321
"715",-0.00119840213049272
"716",0.016064524730036
"717",-0.00511710293249364
"718",0.000131882624464232
"719",0.0217138084877255
"720",0.019983221837424
"721",-0.00366949259774768
"722",0.0010160020320041
"723",-0.0169161803264824
"724",-0.00841004904069514
"725",-0.0209973753280839
"726",0.00338998072363899
"727",0.00134699465618513
"728",-0.00754184400291086
"729",-0.0173980668814576
"730",-0.00447740943421827
"731",-0.0217154279483919
"732",0.0278861335562367
"733",0.0055795251756308
"734",-0.000673914996855089
"735",0.010812390414962
"736",-0.00718304534436365
"737",-0.0060254457485888
"738",-0.012169014084507
"739",-0.00716322573286187
"740",0.0116955033202362
"741",0.0265727912786737
"742",-0.00232300884955761
"743",-4.43508149461213e-05
"744",0.00286075444082225
"745",-0.00258723630091558
"746",-0.00232790156301955
"747",0.0206666666666667
"748",-0.00381014587415626
"749",-0.00391214074964489
"750",0.00640688081446379
"751",0.000828464288828741
"752",0.0152049840979393
"753",-0.0026392584327525
"754",0.0103483143650094
"755",0.00302372130658822
"756",0.00838569972826094
"757",0.00894755679066922
"758",0.00659377347466828
"759",0.00766998341625202
"760",-0.0072618802715491
"761",0.0104233582692666
"762",0.00730106644790816
"763",0.00270787523413964
"764",0.0118174988324636
"765",0.00168569765808425
"766",-0.00188320144245219
"767",0.00618213203267698
"768",0.0069819864748948
"769",-0.00612135739614488
"770",0.00225234203707394
"771",0.00707992760972897
"772",0.0182270581962518
"773",-0.00186183623598768
"774",0.00806357595305637
"775",0.00786415065245468
"776",-0.0159115683987072
"777",-0.00116602211555284
"778",-0.00651789014923052
"779",-0.0240687791312522
"780",0.0193646780246022
"781",0.00403559195243904
"782",-0.0127051349920594
"783",0.000973091053520139
"784",-0.00400761844298082
"785",-0.00705151189195648
"786",-0.0110736639383726
"787",0.00172427783187279
"788",0.00328061400133653
"789",0.00326988676503238
"790",0.0127552560104617
"791",0.00309898885555928
"792",-0.0135062877512624
"793",-0.0126673759861883
"794",-0.00784839982107281
"795",0.00301254201164027
"796",0.0180822589542939
"797",-0.0259091273982501
"798",0.00762305045635283
"799",-0.00942605353016948
"800",0.00664657556867446
"801",-0.005249343832021
"802",-0.000680244063324564
"803",0.0192660739701726
"804",0.000505939732459185
"805",0.00714025648286732
"806",-0.00931895322447829
"807",-0.0102175279258823
"808",0.00333859041845025
"809",-0.00102069979177718
"810",0.00870524767042672
"811",-0.0161865402536364
"812",0.00485966682453714
"813",0.0120289350191603
"814",-0.00309804398007544
"815",0.00615440862835912
"816",-0.00845849483204143
"817",-0.0140684488059123
"818",0.00757857349357777
"819",-0.00565654909515702
"820",0.00368942844776047
"821",-0.00388122227698374
"822",0.00667944832704569
"823",0.00114681247568138
"824",-0.00826395565283211
"825",-0.0180681888496998
"826",0.00775096099313126
"827",-0.0193430048357512
"828",-0.00803434790001701
"829",-0.00141418470109283
"830",-0.00214573856321349
"831",-0.0201703079305005
"832",0.0124654347539832
"833",-0.0100576581263276
"834",0.00162031968469451
"835",0.00498426023084998
"836",0.00261028452101273
"837",-0.00841794671526508
"838",-0.00172851391563103
"839",0.0159561643835617
"840",0.00433628891333895
"841",0.00107402156635299
"842",0.00751008497124713
"843",-0.0132896025897688
"844",0.00656162313835532
"845",-0.0172620834584209
"846",0.000218202448231426
"847",0.00220336394773008
"848",0.0301697866782761
"849",0.0033808054769048
"850",0.000926588889356948
"851",0.000483904902166971
"852",0.0100940003785251
"853",0.000978493952074554
"854",-0.00854825291181367
"855",0.0145167719062703
"856",-0.0151154856185768
"857",0.0107915179508712
"858",0.00334413426387507
"859",0.00571369423455136
"860",-0.00537247071900543
"861",-0.00440811258278148
"862",0.000852266821876316
"863",0.00577386391958126
"864",-6.19501920455977e-05
"865",0.025050079507672
"866",-0.00241760012893876
"867",-0.00187818079004759
"868",0.00390506444368002
"869",0.00403095775556278
"870",-0.00405492211337733
"871",-0.00890877574878059
"872",0.011388595135443
"873",-0.00834472774069008
"874",-0.00930713547052747
"875",-0.00219002005812762
"876",0.001046132387028
"877",-0.0044670300397524
"878",0.00920055985509624
"879",0.00505802451510279
"880",-0.0067980275573774
"881",-0.0159570120954562
"882",0.00296908415173475
"883",0.00151119943692296
"884",-0.0119059922693731
"885",0.00594104972491279
"886",0.0160958263148043
"887",0.00716317717607092
"888",-0.00103635366076694
"889",4.06834825061522e-05
"890",-0.00187136406167362
"891",0.00721418381903402
"892",0.00738507607640017
"893",0.000562373214967135
"894",-0.00122448160266576
"895",-0.0010250020098079
"896",0.00671964591087422
"897",0.00555566658006752
"898",-0.00276248583977588
"899",-0.00241141536131363
"900",0.0103881575004494
"901",-0.000296577495699638
"902",0.002393101538705
"903",-0.00546534340903263
"904",-0.00404713724556602
"905",-0.00352575594597824
"906",-0.008295852073963
"907",0.00376940133037689
"908",-0.00973954254272345
"909",-0.000648929266709857
"910",0.00539772727272724
"911",-0.00631736164372507
"912",0.00310767168362695
"913",0.0210383509496617
"914",-0.010233019335647
"915",0.013724979462622
"916",0.000395303790963277
"917",0.00734974512980598
"918",-0.000686462950613827
"919",0.026711938921709
"920",0.00649946474996183
"921",-0.00509002507027275
"922",-0.00704413561392791
"923",0.0227818898394694
"924",-0.00511278195488732
"925",0.00166263603385733
"926",-0.000414969065942328
"927",-0.00383062233460397
"928",0.00731185239908323
"929",0.00361058352295166
"930",0.00371001892484402
"931",0.00742994754233023
"932",-0.0080607801352729
"933",-0.0100878012329535
"934",0.00300056614455556
"935",-0.00686748574761523
"936",0.0186420127311307
"937",-0.00963398303823837
"938",-0.000225352112676065
"939",-0.0102182651489537
"940",0.00130944699586282
"941",0.0102723499421944
"942",-0.0058343494981709
"943",0.00592519907914104
"944",-0.00461469197868992
"945",0.00350533338358901
"946",-0.000431941105769158
"947",-0.0103522780648192
"948",0.00375897026996242
"949",0.00440686942048716
"950",0.00773938423877227
"951",0.000373720008969339
"952",0.00455768081291093
"953",0.00697285236147267
"954",-0.00384082725510107
"955",-0.00771127217454175
"956",0.00310100689320214
"957",-0.00253272994766938
"958",-0.0090364257575475
"959",-0.00983476835540815
"960",0.000171249167538775
"961",0.000437561829388997
"962",0.00716907220415683
"963",0.00215240540744665
"964",0.0003202833565695
"965",0.00258028062906113
"966",0.014821911632101
"967",0.0137168878769367
"968",0.00781563858149807
"969",-0.00184816089871348
"970",0.00288629102526864
"971",0.00103173022969577
"972",0.00414074931288875
"973",-0.00388957916914269
"974",0.000903881266156826
"975",-0.0015713331045568
"976",-0.00164616497829235
"977",-0.00654115856420658
"978",0.00468738600714959
"979",-0.00344921484977758
"980",0.00683122324437563
"981",0.00379952958205163
"982",-0.00225306416726748
"983",-0.0112004335651702
"984",0.00232027039371522
"985",0.00761911705734387
"986",-0.00602387843704773
"987",0.00613318288532579
"988",-0.00039794515592212
"989",0.0014476493793203
"990",0.00670376928914752
"991",0.00263852242744061
"992",-0.000877192982456131
"993",-0.00306391213201697
"994",0.00251617541337169
"995",-0.00467909645034067
"996",-0.000954628145319571
"997",-0.00250603973605457
"998",0.0111880275453214
"999",0.0054338111750617
"1000",-0.00791111111111112
"1001",0.00559089687304001
"1002",0.00313630450665577
"1003",0.00246922352690393
"1004",-0.00377445421037711
"1005",0.00135185613404722
"1006",-0.00587974065192296
"1007",0.00807662068472586
"1008",-0.000584940442427576
"1009",-0.00386641363531567
"1010",0.000925843496839662
"1011",-0.00320187843534873
"1012",-0.00581758481003623
"1013",-0.00236937050133722
"1014",-0.00349052699760706
"1015",-0.000324997743071241
"1016",-0.00279950150811845
"1017",-0.00527059334927197
"1018",-0.00103785437264438
"1019",0.00317147856517934
"1020",0.00174424942766822
"1021",-0.00571335292197188
"1022",-0.00191539429759762
"1023",0.00127938004898198
"1024",0.00655300817757013
"1025",-0.000380828028942945
"1026",-0.0150212256449331
"1027",0.000294691862821036
"1028",0.000718099797458928
"1029",-0.0143700896060645
"1030",0.00586170848267623
"1031",-0.017352733751531
"1032",0.00449506109883467
"1033",-0.00233148444110186
"1034",0.0134750570098566
"1035",0.00500223147872654
"1036",0.00738273660838192
"1037",0.0122143854235545
"1038",-0.000689542542960384
"1039",-0.00406747653029719
"1040",-0.00966324502707534
"1041",-0.00243017839718685
"1042",-0.00564731936882909
"1043",-0.00512258950611549
"1044",-0.0138984758315767
"1045",-0.00758636346437618
"1046",-0.0059096021503327
"1047",-0.000652002991543117
"1048",-0.00368430142191008
"1049",0.00125190192792893
"1050",0.00696341322663798
"1051",0.0035149384885764
"1052",0.00664356963374712
"1053",-0.013331820502638
"1054",-0.016616835326587
"1055",-0.0028065251710226
"1056",-0.000703605980650862
"1057",-0.00850789180308622
"1058",0.0111058507910205
"1059",0.00444817293247755
"1060",-0.0112265708458775
"1061",-5.89309918084548e-05
"1062",0.0173070878516422
"1063",-0.000502075890701868
"1064",0.0158233350721614
"1065",0.00971889383392285
"1066",0.000169526643937545
"1067",0.0138046630758221
"1068",-0.00607456669948552
"1069",0.00579395933014358
"1070",0.00399524287360173
"1071",0.00930981509929839
"1072",-0.00726179124183954
"1073",0.00415619920200965
"1074",0.010963742388845
"1075",0.00334807212911908
"1076",-0.00208556246712963
"1077",0.00690582633664078
"1078",-0.017832003754106
"1079",0.00226028152449553
"1080",0.0223318237656076
"1081",0.00168582650334477
"1082",0.00277514189031925
"1083",-0.00551706899014435
"1084",-0.00527837124544421
"1085",-0.00232830971933937
"1086",-0.0187423113105145
"1087",0.0020464601769911
"1088",0.0153815017202995
"1089",0.00462065341475352
"1090",-0.000198405540925702
"1091",0.00557449802457117
"1092",-0.0188195191962684
"1093",-0.00760637033515576
"1094",-0.00257945647167205
"1095",-3.69446753485793e-05
"1096",0.00217981637817958
"1097",-0.00575104606366698
"1098",-0.000908433600919548
"1099",-0.0129337539432177
"1100",-0.00494425958302781
"1101",-0.00818061590780276
"1102",0.0163056936586853
"1103",0.00678499803197574
"1104",-0.00521269663967237
"1105",0.00104800224571905
"1106",-0.0283973004804546
"1107",0.00100053875163549
"1108",-0.0093418422266647
"1109",0.00508362761457566
"1110",-0.0113127413127413
"1111",0.0136290857968524
"1112",0.0276621975651102
"1113",0.00657944065382018
"1114",-0.00329615076630849
"1115",-0.00425993049587089
"1116",0.00120088565316921
"1117",0.00431050639079433
"1118",-0.00535567664402476
"1119",0.00542203710999796
"1120",-0.00684829259190156
"1121",0.017548804088458
"1122",0.011780563916022
"1123",0.00489095720412448
"1124",-0.0122950075368215
"1125",0.0028499981612914
"1126",0.00946077262976486
"1127",0.000363259894291298
"1128",0.00161591953083862
"1129",0.00797592720153727
"1130",-0.0150523324821063
"1131",-0.0115576329675546
"1132",-0.00447022314171724
"1133",-0.00616024047203772
"1134",-0.00817743922930427
"1135",-0.000395301558617589
"1136",-0.00440653070448001
"1137",-0.00245890786661375
"1138",-0.00542293179620384
"1139",-0.0171200884601453
"1140",-0.00649791484822036
"1141",0.00724326434986338
"1142",0.00819910449497009
"1143",0.0171300034606067
"1144",0.00447972781400627
"1145",-0.0292047721199804
"1146",-0.015002907540221
"1147",-0.00501810453400509
"1148",-0.0115899606416012
"1149",0.0140670335167583
"1150",0.00641303918860261
"1151",0.00264690312334565
"1152",-0.0248543157730064
"1153",-0.000621653598572178
"1154",0.0163937715707521
"1155",0.00538961167156937
"1156",0.0164748851274398
"1157",-0.0266975755819569
"1158",0.0121271063652422
"1159",0.0221398595913244
"1160",0.0117222723174031
"1161",0.0318959305192095
"1162",0.00365701264334029
"1163",-0.00908175409685988
"1164",-0.000517378369888555
"1165",-0.00160840065815022
"1166",0.00262943485667734
"1167",0.00552210689616961
"1168",0.0358343282211406
"1169",-0.014912405135116
"1170",-0.0173521735217352
"1171",-0.0022531186459306
"1172",-0.0013953146801792
"1173",0.00261067804088829
"1174",-0.00771995452378332
"1175",-0.0121412599560179
"1176",0.00491993415145163
"1177",0.0188387721290419
"1178",-0.00155305037364566
"1179",0.00164696409618264
"1180",0.010669394913768
"1181",0.00806218365871291
"1182",0.000412437686045319
"1183",0.00806610622165652
"1184",0.00325396966517897
"1185",-0.00446634291588379
"1186",-0.00405910628449353
"1187",0.0210038968932108
"1188",0.00381672706899878
"1189",3.48827068980979e-05
"1190",-0.00266843399550039
"1191",-0.00174874090654719
"1192",-0.00106860065867844
"1193",-0.00645353629237329
"1194",0.014667725708234
"1195",0.00358348119542155
"1196",0.00539069541704222
"1197",0.00346533799975864
"1198",-0.00785169404164664
"1199",-0.00550677957296479
"1200",-0.00531090564000766
"1201",-0.00560184861004132
"1202",-0.00862615308781075
"1203",-0.00621515076179993
"1204",-0.00730826960188691
"1205",0.00923409234092338
"1206",0.0199935792252266
"1207",0.00258791026246312
"1208",-0.0110225508833738
"1209",-0.0184816153778327
"1210",-0.00129363781734545
"1211",0.0173428083115948
"1212",-0.00744487081999681
"1213",-0.00131841505131125
"1214",0.00358582795161809
"1215",0.0138476579859567
"1216",0.00666269242907744
"1217",-0.00304803706413077
"1218",-0.0054508289802407
"1219",0.0143517135981169
"1220",0.00322111388196176
"1221",0.00890730191610561
"1222",-0.00275467953324439
"1223",-0.00221326241743155
"1224",-0.0110736639383726
"1225",-0.00942412018361388
"1226",-0.00261541162015097
"1227",-0.00383660970415861
"1228",0.012596505485575
"1229",-0.0102938097564381
"1230",0.0174699432359059
"1231",0.00282412460800117
"1232",-0.0041810642709054
"1233",0.00296679274090009
"1234",0.00413430434707406
"1235",-0.00487527563395812
"1236",0.00235436683112616
"1237",-0.0150083763665568
"1238",-0.01166012063403
"1239",-0.000301594904820124
"1240",-0.00370896184560786
"1241",-0.00220872446162333
"1242",-0.000107110341503476
"1243",-0.00101765724589817
"1244",0.00196590056117524
"1245",0.013199200913242
"1246",-0.00355608759946492
"1247",0.00980530723295996
"1248",0.00120720121769867
"1249",-0.00938384650333763
"1250",0.00993137998553515
"1251",-0.00258506253056667
"1252",0.00721490613617258
"1253",0.000538980457611774
"1254",-0.0112429839956905
"1255",-0.0189806678383128
"1256",0.000179147259046901
"1257",0.00562421637112664
"1258",-0.0121295240809347
"1259",0.000270450570650714
"1260",-0.00654313421536464
"1261",-0.0049532795064865
"1262",0.00235221180846792
"1263",0.000254679740226718
"1264",0.00751113940165507
"1265",-0.00131773710242248
"1266",0.00211477632173515
"1267",0.00178564986833081
"1268",-0.0132334671683981
"1269",0.00801007188993906
"1270",0.00555706398769123
"1271",0.00576036866359448
"1272",0.00383018327605954
"1273",-0.00632956531041609
"1274",0.00683641061527696
"1275",0.00433062446535492
"1276",0.00278591074438832
"1277",0.00399915062287654
"1278",0.0052522119214636
"1279",-0.0076968931902658
"1280",0.0106719437426012
"1281",0.00479012604674745
"1282",0.00899521531100471
"1283",0.0189681335356601
"1284",-0.00445068706423878
"1285",-0.00868619218412692
"1286",0.00240063102301177
"1287",-0.00465291320264119
"1288",0.00218265562162724
"1289",0.000960334745254015
"1290",0.00135345817128957
"1291",-0.00737407610183406
"1292",0.0018098143647551
"1293",0.00320016516981522
"1294",0.00819784592165743
"1295",0.000884564352056605
"1296",-0.00137666134131009
"1297",0.00473135115815986
"1298",0.00945201998814275
"1299",0.00145990300874257
"1300",0.00108914209115278
"1301",0.00515524311657879
"1302",-0.00276422493464101
"1303",-0.00338971730091678
"1304",-0.00129012800750617
"1305",0.013974868723472
"1306",0.000843812045003341
"1307",-0.0011737283232216
"1308",-0.00251572327044027
"1309",-0.00625539257981022
"1310",0.0103521397204923
"1311",0.0073044570408686
"1312",-0.0013452988368087
"1313",0.00573343628328755
"1314",-0.00406729826853973
"1315",-0.00246018599006083
"1316",-0.00368293845875597
"1317",-0.00618842516956285
"1318",-0.00282288864534558
"1319",-0.00411310197828548
"1320",0.00426385753699528
"1321",0.00179820179820175
"1322",-0.00631564951469224
"1323",-0.00284337994246328
"1324",0.033026938173035
"1325",0.0152467241463296
"1326",0.00866839394811749
"1327",0.00312361260861297
"1328",0.00161226586580253
"1329",0.0100525510123567
"1330",0.00717142678582571
"1331",-0.00331973380078493
"1332",0.00306619558281067
"1333",-0.0019396083542811
"1334",0.012375429486482
"1335",-0.00124391479951477
"1336",-0.00984070361030815
"1337",0.0017081806323374
"1338",-0.00542585185874173
"1339",-0.00749735020886603
"1340",0.0171809972516688
"1341",0.00941808581265728
"1342",-0.00197311063185434
"1343",0.00891954022988496
"1344",0.0137471138655973
"1345",0.0112980805250462
"1346",0.000755656309730215
"1347",-0.00374581741731071
"1348",0.00090653747269231
"1349",-0.00540460282108374
"1350",-0.00228405935568635
"1351",0.00905241422650493
"1352",-0.00898603161422356
"1353",-0.00103243954991603
"1354",-0.00230666686637824
"1355",-0.00390337642060369
"1356",0.0109572111109435
"1357",-0.00171447313495132
"1358",-0.00618270336464511
"1359",-0.000961726298706072
"1360",0.0111908307386851
"1361",0.00362949410207208
"1362",0.0100932252375094
"1363",0.000542904096724849
"1364",0.00626200706858887
"1365",0.000189460184213671
"1366",-0.0172376109224964
"1367",-0.00679061767932863
"1368",0.00322445811190055
"1369",-0.0145824653294445
"1370",-0.00240094225658381
"1371",0.00900628169227274
"1372",0.0126762676267627
"1373",0.001273979705207
"1374",0.0045568196949299
"1375",0.0018409696755475
"1376",0.00893802187463254
"1377",0.00434199790185339
"1378",0.00211809081677044
"1379",-0.00474839307429482
"1380",-0.00206551463315311
"1381",0.00438737136693586
"1382",-0.00703847214361385
"1383",-0.0104644704919469
"1384",0.00726671196053511
"1385",0.00590926420129631
"1386",-0.00895030684683903
"1387",-0.00152970420815743
"1388",-0.00506754268373516
"1389",0.00368675876160434
"1390",0.0100607777187703
"1391",0.00400175259237624
"1392",0.00603689049226123
"1393",0.008588903830304
"1394",0.00207876363740622
"1395",-0.00301868436865144
"1396",-0.000172198544922302
"1397",0.00562612127735911
"1398",-0.00235488889206034
"1399",0.00304712311521836
"1400",0.00300934179562146
"1401",0.00312828825754363
"1402",0.00779633147166384
"1403",0.00656858332395632
"1404",0.00311613543311486
"1405",-0.00518206892708885
"1406",-0.000644131402806263
"1407",0.00978029368904842
"1408",-0.00134598839952278
"1409",-0.00526615626172367
"1410",-0.00217907528984503
"1411",0.000321975529859677
"1412",-0.00710917055012099
"1413",-0.0102186077323147
"1414",0.000854408749145624
"1415",0.0181549143475044
"1416",0.000796534376746816
"1417",0.00502673946130108
"1418",-0.0130041541047836
"1419",-0.00297011584859445
"1420",-0.0107722716363124
"1421",0.00767836499350637
"1422",-0.00247857800439058
"1423",0.000255572909271425
"1424",-0.00185952759482172
"1425",-0.0139511071291437
"1426",0.00376427829698852
"1427",0.00918143023406196
"1428",-0.00805854547525489
"1429",0.00233960097602981
"1430",-0.0023484598971833
"1431",-0.00572708091116567
"1432",-0.005110437418796
"1433",0.00113181264147662
"1434",0.0126242861698118
"1435",0.00541043440921778
"1436",0.00400039861623231
"1437",0.000141795700754426
"1438",0.0037712308957381
"1439",0.00608757062146889
"1440",0.0132105403546209
"1441",0.0134539710691127
"1442",0.00269335411454278
"1443",-4.09053722388889e-05
"1444",0.00114539727559081
"1445",-0.00136200814480882
"1446",0.00238676504684875
"1447",0.00221780777185168
"1448",-0.00283739936735502
"1449",0.00375765827093256
"1450",0.00492363616634565
"1451",-0.00112027426473563
"1452",-0.00567521552306572
"1453",0.00156279727122
"1454",0.00804602379886302
"1455",0.00655503809190526
"1456",-0.00472045038178158
"1457",0.00244531627881983
"1458",0.00495912076129211
"1459",0.00656174979994652
"1460",-0.00657197371210509
"1461",-0.000773580879214585
"1462",0.00220240796604277
"1463",0.00382243650360276
"1464",-0.000981823006501235
"1465",-0.0129621759456015
"1466",-0.0103336921420881
"1467",0.00295029366978462
"1468",-0.00664235654543249
"1469",-0.00796954106906485
"1470",-0.00173326913817994
"1471",-0.014276068293624
"1472",-0.00584345686606191
"1473",0.0120509034662167
"1474",0.00911465569943875
"1475",0.0120890014870298
"1476",-0.0101624357195331
"1477",-0.0046042413996893
"1478",-0.00390754446039988
"1479",0.00726355331919437
"1480",-0.000715612743411638
"1481",0.00556374202966406
"1482",-0.0144212991495131
"1483",0.00986604413317781
"1484",-0.00202273165093439
"1485",-0.0223502971307237
"1486",-0.00431557273009353
"1487",0.0124645892351276
"1488",0.0044907666480134
"1489",0.0062812495647692
"1490",-0.00415213419697721
"1491",-0.00141761174116083
"1492",0.0227974947807934
"1493",0.00631395602003046
"1494",0.00177141929900476
"1495",0.0159415790397257
"1496",0.00495588860544224
"1497",0.00240622975527853
"1498",0.00919294635909208
"1499",0.00637775105860212
"1500",-0.000415562827905183
"1501",0.00398846333731749
"1502",-0.00693590755573961
"1503",-0.00333580912917139
"1504",-0.00566109273471299
"1505",-0.00357640623767331
"1506",-0.00131957456915883
"1507",-0.00245765175338927
"1508",-0.0163584825686129
"1509",0.00302985416301974
"1510",0.00890100153048891
"1511",0.00600141053107817
"1512",0.00863756613756621
"1513",0.00455064063053249
"1514",0.00284595300261101
"1515",-0.00429586815590094
"1516",-0.00601401527036913
"1517",-0.0128768348503183
"1518",0.00353102639608771
"1519",-0.00200493932071058
"1520",-0.00514880991977436
"1521",0.0162217823900718
"1522",-0.00327679006171958
"1523",0.00944019012410884
"1524",0.00752076384801521
"1525",-0.0112553550564716
"1526",0.00551448866247393
"1527",-0.019312380032122
"1528",-0.00307573498082651
"1529",0
"1530",0.0051954643195811
"1531",-0.0140176981743776
"1532",0.00026951635290485
"1533",0.00683039864200346
"1534",-0.00412128348542822
"1535",-0.00695993335662269
"1536",-0.001569518861287
"1537",-0.00333369470945353
"1538",0.00163163190384236
"1539",-0.00217196535715251
"1540",-0.0154817293826355
"1541",-0.00508512049524645
"1542",0.0119583333333334
"1543",-1.37247635910127e-05
"1544",0.0112270107054625
"1545",0.00905290588778199
"1546",-6.72540184275399e-05
"1547",0.00566316922249115
"1548",0.00492235256350248
"1549",0.00157063184655719
"1550",0.00435897776655552
"1551",-0.00730400264637786
"1552",-0.00365221332124816
"1553",-0.00759876386306169
"1554",-0.0184953020315175
"1555",-0.00657885700943564
"1556",0.00446564357804518
"1557",-0.0056432631825253
"1558",-0.00988331049375024
"1559",-0.00974429951488211
"1560",0.00868251637677899
"1561",-0.0061304183520652
"1562",-0.00309819881986789
"1563",0.0132930257525887
"1564",-0.000125470514429114
"1565",-0.0254179389579064
"1566",0.000157372170877706
"1567",0.0106996237966498
"1568",0.0140255034886848
"1569",-0.0160088209021884
"1570",0.00970199004269439
"1571",0.00109573646133319
"1572",0.00569720612379484
"1573",0.0090415660885459
"1574",-0.00312512963756792
"1575",0.00543757195766476
"1576",0.00107611439923848
"1577",0.00296302421410936
"1578",-0.00832692096295475
"1579",-0.00308992656228348
"1580",-0.00341918356568042
"1581",-1.39468068784336e-05
"1582",0.0130543933054392
"1583",0.00106008040090311
"1584",-0.011414740142753
"1585",-0.0187805183423062
"1586",0.000949909971219047
"1587",-0.00293201133144467
"1588",-0.00657735854417334
"1589",-0.00317460317460329
"1590",0.00824869455442708
"1591",-0.0149822859012848
"1592",0.00184890943232703
"1593",0.00480117650451279
"1594",0.00259717897576441
"1595",0.0040216395694986
"1596",0.00984989950536667
"1597",0.00635198464231273
"1598",0.0121889640081914
"1599",0.00253592561284879
"1600",-0.00258480081828985
"1601",0.00403276098615553
"1602",0.000814354727398171
"1603",-0.00976430512074361
"1604",0.00750685923594381
"1605",0.00926181918717171
"1606",-0.00238323517326403
"1607",0.00297929595255092
"1608",0.00585876007829928
"1609",-0.00204134402090325
"1610",-0.0129958680503471
"1611",-0.00272182154798423
"1612",0.00368518031060813
"1613",0.00953800709484178
"1614",-0.0014356422106156
"1615",0.00776361370887124
"1616",0.00657608695652186
"1617",0.0055342584093731
"1618",-0.00183907428786212
"1619",-0.00977715615207719
"1620",0.00804020100502511
"1621",-0.00382635876155307
"1622",-0.00504476723741519
"1623",-0.0161082036294434
"1624",-0.00389610389610385
"1625",0.00305140225803766
"1626",0.00709366962581937
"1627",0.0116296631928711
"1628",0.00241591791308121
"1629",-0.00375054159445409
"1630",0.00399570529634829
"1631",0.00304576773652071
"1632",-0.00278010202704531
"1633",-0.00481784225626583
"1634",-0.00435161009573552
"1635",-0.0110221809440558
"1636",0.00034526094822455
"1637",0.0169533644421129
"1638",-0.0071950259292444
"1639",-0.000123065142482092
"1640",0.00232484991042492
"1641",-0.0117064385411977
"1642",-0.00274729067439771
"1643",-0.0528268453402736
"1644",0.00599239988307507
"1645",-0.011564724684004
"1646",0.0177852250345415
"1647",0.00645543296170069
"1648",-0.00202321677117569
"1649",-0.0201294033069733
"1650",-0.00936170212765965
"1651",0.0120126792273965
"1652",-0.0184857222311665
"1653",-0.0134357291977333
"1654",0.0154476337308604
"1655",0.0118634733034637
"1656",-0.000220659625172858
"1657",-0.000353133322543162
"1658",0.0065647124626505
"1659",-0.00475250420413838
"1660",0.00775786071113711
"1661",0.00966641394996225
"1662",-0.000649810111045352
"1663",-0.0210530878825536
"1664",0.00457571329466121
"1665",0.0126801745544307
"1666",-0.0154232320594295
"1667",0.00353674531012849
"1668",0.0122468758718924
"1669",0.000493232559151521
"1670",0.0189655922397669
"1671",0.0037424404126644
"1672",0.00350165868042757
"1673",-0.00497280497280483
"1674",0.00660201893998536
"1675",-0.00451352647465363
"1676",-0.00215364561194708
"1677",-0.000880356686450993
"1678",0.0081717923938376
"1679",0.00663950718222704
"1680",0.00371096485086123
"1681",-0.000878967561911439
"1682",-0.000390995922470977
"1683",0.00413500223513623
"1684",-0.00388146911519194
"1685",-0.00254186394044779
"1686",-0.00478864167798483
"1687",-0.00444588263432619
"1688",-0.00552564265626533
"1689",-0.00319738524939617
"1690",0.00136859362748597
"1691",-0.00313207385999628
"1692",-0.00902586366947066
"1693",-0.00325700038911065
"1694",-0.00229891705102427
"1695",-0.0150281143122139
"1696",-0.00497300160371936
"1697",0.00603291487379676
"1698",0.00191072504666572
"1699",-0.0114424868338052
"1700",0.0130440589431197
"1701",-0.000161134386078134
"1702",0.000615339535565183
"1703",-0.00537358888384541
"1704",0.00786103341675242
"1705",0.00509756952559015
"1706",0.000537689099443302
"1707",0.00123456790123468
"1708",-0.002756219627185
"1709",-0.00846607025965536
"1710",-0.00626439563986316
"1711",-0.00101866068265033
"1712",-0.00823148654440129
"1713",-0.0044106690508122
"1714",0.00185589846439383
"1715",-0.00982999193283339
"1716",0.00181050090525052
"1717",0.00596385542168676
"1718",0.00588358584346348
"1719",0.0123383291907903
"1720",-0.00693933958657994
"1721",0.00598110917004702
"1722",-0.00409124356144232
"1723",0.00611774441423338
"1724",0.00284933760244401
"1725",0.00446690099589913
"1726",0.00170591237150987
"1727",-0.00398823906145383
"1728",0.0054217571754254
"1729",-0.00806697771769948
"1730",-0.0162651661684544
"1731",-0.000104269073792788
"1732",-0.0050352317249392
"1733",-0.0180718381769454
"1734",0.00186026653654966
"1735",-0.00445939364422245
"1736",-0.00585528427940248
"1737",0.00413667958417899
"1738",-0.00376740125886327
"1739",-0.00850102227483047
"1740",-0.0110080932742102
"1741",0.00769737254656048
"1742",-0.0142192629007918
"1743",-0.00246192693127119
"1744",0.0184309196475184
"1745",0.00183303818311755
"1746",-0.000961359548471091
"1747",-0.00249883594598791
"1748",0.0141747965582163
"1749",0.00254679349493705
"1750",-0.00935022801701717
"1751",-0.0149532710280373
"1752",0.00561418915740112
"1753",0.010962962962963
"1754",-0.0101190843462702
"1755",-0.010783519291903
"1756",-0.00723062381852546
"1757",-0.0272766220783549
"1758",0.00032625362957168
"1759",0.0184925475359577
"1760",-0.0112239016267452
"1761",0.00516557363776205
"1762",0.010004188549151
"1763",0.00320599728846001
"1764",0.0026869753243449
"1765",-0.0138904305082058
"1766",-0.00779880686295003
"1767",-0.00636911707506808
"1768",0.00733962910407599
"1769",-0.0056184323440359
"1770",0.0265411795356107
"1771",0.0204301757502696
"1772",0.0100727476217125
"1773",0.00603262542320708
"1774",-0.000856635868567542
"1775",0.00367444424030857
"1776",-0.00567453779974373
"1777",0.00386597938144345
"1778",0.0072590011614401
"1779",-0.0110148533628681
"1780",0.00434148960650458
"1781",0.00198570293884028
"1782",0.00894844355010829
"1783",0.0118153660194908
"1784",0.00651066943419904
"1785",-0.00198804207527855
"1786",-0.00704633635106815
"1787",-0.00763530204356621
"1788",0.0154484423323527
"1789",0.00670044124857014
"1790",-0.01086186540732
"1791",0.00455060873716866
"1792",-0.0146593592656952
"1793",0.000391908594856897
"1794",-0.00867888138862092
"1795",0.00355666342412443
"1796",0.0130100263532549
"1797",0.00373775883979966
"1798",0.0139420570492291
"1799",0.00863803969384919
"1800",0.00110691970462712
"1801",4.36458863752108e-05
"1802",-0.00192033518577795
"1803",-0.0056263300585954
"1804",0.013177953679273
"1805",0.00115742415254848
"1806",-0.0131360279772828
"1807",0.00150827353931753
"1808",-0.00356761656894711
"1809",-0.00541460623046559
"1810",-0.00650634405429334
"1811",0.00632620027027431
"1812",-0.00156422932192127
"1813",0.0129768397404632
"1814",0.00153201920130717
"1815",-0.00544855919116569
"1816",0.0058739087127204
"1817",-0.00961132388705233
"1818",0.00945463100471997
"1819",0.000320456796597413
"1820",-0.00285406412907377
"1821",-0.008907970443062
"1822",-0.00145871397418503
"1823",-0.00306924995204295
"1824",-0.00102129927028911
"1825",0.0202838854975404
"1826",0.015117410435515
"1827",0.0101856885353781
"1828",0.00243577760783976
"1829",-0.000890006498460181
"1830",0.00255928057350505
"1831",0.00617736658016476
"1832",-0.00305570351265739
"1833",-4.21798549013007e-05
"1834",0.00715681725510047
"1835",0.00269440178696074
"1836",-0.00698940450830507
"1837",-0.00238358968606724
"1838",-0.00494722491602352
"1839",0.000776847130609085
"1840",0.00561718463318932
"1841",-0.00164205917026877
"1842",-0.00111056441976534
"1843",0.00792332807926146
"1844",-0.0029182200254123
"1845",-0.00175045511833077
"1846",0.00733674686119114
"1847",-0.0132715017825312
"1848",0.000409286571166415
"1849",0.000395011568196008
"1850",0.00817915162454871
"1851",0.0110082246964694
"1852",0.00333430180273661
"1853",0.00649476006618869
"1854",-0.00501431683358222
"1855",0.00155593803786574
"1856",-0.0018834721878523
"1857",0.0161981239927825
"1858",0.00479824335497512
"1859",-0.000175365231819417
"1860",0.00402061577484554
"1861",-0.00155880455815953
"1862",-0.00353970390309544
"1863",0.00199900049975007
"1864",0.00487969266024122
"1865",-0.00609011764390242
"1866",0.00373854480180315
"1867",0.0107301331181928
"1868",-0.00347222222222235
"1869",0.000947841990735151
"1870",0.00497479260583111
"1871",-0.0002786957041048
"1872",-0.000106199389353452
"1873",0.00078330368285491
"1874",-0.00915350021888802
"1875",0.00141918035640164
"1876",0.0132625640065779
"1877",0.000818060668434702
"1878",-0.00292679068173121
"1879",-0.00687566938608219
"1880",-0.00178407381272551
"1881",0.00633544514838291
"1882",-0.000848243870112752
"1883",-0.00340912105696006
"1884",0.00613611255307536
"1885",0.000119063368170397
"1886",-0.00501329382663798
"1887",0.000345652751927629
"1888",0.00229912553491218
"1889",-0.00399103674140471
"1890",-0.00364759445139648
"1891",0.00209769654214113
"1892",0.0138931480913588
"1893",0.00665412990018805
"1894",-0.00270415028282548
"1895",0.00206963401535199
"1896",0.0144575163398692
"1897",-0.000141741617916085
"1898",0.00393066563567249
"1899",-0.00758664955070614
"1900",-0.0142544852475133
"1901",0.000774207093836678
"1902",-0.00125875226182052
"1903",0.00354470263883413
"1904",0.00324437467294616
"1905",-0.000678072188608475
"1906",-0.000965603632757426
"1907",0.00820250254695541
"1908",-0.00327762663557456
"1909",-0.00826650376281887
"1910",-0.00399732637842239
"1911",0.00353965998210439
"1912",-0.0113158067265456
"1913",-0.00278507201400504
"1914",0.013591871475689
"1915",0.00114152255491121
"1916",-0.00283089343521065
"1917",-0.00471840704475251
"1918",-0.00128093389324663
"1919",0.0048394134525116
"1920",-0.0171195473386407
"1921",0.00314616970573272
"1922",-0.00863484098279712
"1923",0.0137987668614201
"1924",-5.3115912199462e-05
"1925",0.00488692349574398
"1926",-0.00074004572425383
"1927",0.00140183825960469
"1928",-0.000964065450799745
"1929",-0.00803722504230105
"1930",0.00149253731343277
"1931",0.00135724930806903
"1932",0.000186036622637943
"1933",-0.00896795450922035
"1934",-0.00199750646843539
"1935",-0.00744183547364465
"1936",0.00931113817837329
"1937",0.00990908847113076
"1938",-0.0188801996893131
"1939",0.0133838554706002
"1940",-0.0278163559638908
"1941",-0.0212084998832433
"1942",-0.0015858091134906
"1943",-0.000674687956819996
"1944",-0.00502137954315291
"1945",-0.0149139795586594
"1946",0.00815108202743812
"1947",0.00290383191937607
"1948",-0.00570568865675033
"1949",0.0112341907671224
"1950",0.00505357067235082
"1951",0.00162923636567929
"1952",0.00549673981630787
"1953",-0.0051319954816126
"1954",-0.0106673768906208
"1955",0.00592252543285432
"1956",0.00104231224294324
"1957",-0.00533277050794978
"1958",0.0136509598110085
"1959",0.00150720107178729
"1960",-0.00939189565798997
"1961",0.00557040371360249
"1962",-0.00500797358923431
"1963",-0.002558767292768
"1964",-0.0033546641107321
"1965",-0.00141426712677482
"1966",-0.00320077045094039
"1967",-0.00107982154528157
"1968",-0.010923676499872
"1969",0.000603986309643671
"1970",-0.00937050876688705
"1971",0.0131441504178274
"1972",0.000587106567001701
"1973",0.00814311270125227
"1974",0.0106893418885924
"1975",-0.00785145441521409
"1976",0.000736147682550362
"1977",0.00080633753006086
"1978",0.00938555698474849
"1979",-0.00172242371623426
"1980",-0.000939849624060053
"1981",0.00380505749708654
"1982",0.0112739886980361
"1983",0.00307062436028651
"1984",-0.000882515168229357
"1985",0.00222203820249533
"1986",-0.00158365121114903
"1987",0.00219304295053938
"1988",0.00158269222829296
"1989",-0.0089864790590304
"1990",0.00374365658190283
"1991",0.00885456956569794
"1992",0.0121041173168294
"1993",0.004653868528214
"1994",-0.000942621295161568
"1995",-0.00675284064104817
"1996",0.0162165829827657
"1997",0.00206984042198038
"1998",0.000706289978678002
"1999",0.00717776623653338
"2000",-0.00194362174740858
"2001",0.000847850566337778
"2002",-0.000105891540589681
"2003",0.00046332455222987
"2004",0.000926219964009836
"2005",0.000938582344076329
"2006",-0.00763368860361614
"2007",0.00546986252146025
"2008",0.00504301786896096
"2009",0.00536012959133946
"2010",0.00167675338625586
"2011",0.00326942693484686
"2012",0.00174670212211273
"2013",-0.00325309043591412
"2014",-0.00101827676240194
"2015",0.00919996863647047
"2016",-0.0054644808743169
"2017",-0.00100255195041923
"2018",0.00553911921487869
"2019",-0.00299408958938193
"2020",-0.00310708389126512
"2021",0.00408179233718477
"2022",-0.000831222806675851
"2023",0.0125567066592142
"2024",-0.00132225888031643
"2025",0.00861248939506905
"2026",-0.000216659869494238
"2027",-0.00155519012836692
"2028",0.000472390679859456
"2029",-0.0094050687833388
"2030",0.00736876006441227
"2031",0.0029668657365372
"2032",-0.00680870596335547
"2033",0.00355606906733425
"2034",0.00239216087601696
"2035",0.00511747214742417
"2036",0.000292026409344796
"2037",0.00564842669103732
"2038",0.00199424445902965
"2039",0.000138563474668202
"2040",-0.00530246734763286
"2041",-0.00130419367909231
"2042",0.00432340598176808
"2043",-0.00205771707021482
"2044",-0.00471847288459355
"2045",-0.00044485116551001
"2046",-0.00493368767722499
"2047",0.000817839115711548
"2048",0.00284732951135738
"2049",-0.00220264317180619
"2050",0.00965943166303009
"2051",0.00744382377473901
"2052",0.00431537351815837
"2053",-0.000587067038059394
"2054",-0.00329950507423881
"2055",-0.000200631990770995
"2056",-8.77941102694652e-05
"2057",0.00422703041705868
"2058",-0.00609527616097524
"2059",0.000653479779827666
"2060",0.000778640142666938
"2061",0.00860857343640188
"2062",0.000634533555627466
"2063",-0.00150450730494243
"2064",0.00356146642757523
"2065",0.00742027546842039
"2066",0.00189683204414441
"2067",-0.00791718915197568
"2068",-7.43512850380459e-05
"2069",0.000954245774054583
"2070",-0.00487810917555009
"2071",-0.00299844479004665
"2072",0.0143509621384182
"2073",0.00858717582796114
"2074",0.00129296674879845
"2075",0.00137657148426079
"2076",0.000158148927628681
"2077",0.000145960542000151
"2078",0.00372145063605183
"2079",0.00388940047496726
"2080",-0.00333120104281072
"2081",0.002034464802548
"2082",-0.000568010151670932
"2083",0.00148733947616635
"2084",-0.00602504195795747
"2085",0.000704550423944908
"2086",-0.000534110220927372
"2087",-0.00325495530509134
"2088",-4.87400692109578e-05
"2089",0.00709202573601101
"2090",0.000387193572586652
"2091",-0.002612545054307
"2092",-0.000606339889888642
"2093",-0.00439256418968122
"2094",-0.00659354052407065
"2095",-0.000981486706989391
"2096",0.000405261024941989
"2097",0.00213596523532435
"2098",0.00759468861776673
"2099",0.000182357517992615
"2100",0.00255253977707812
"2101",0.00413428547180573
"2102",-0.00208881698099541
"2103",0.00871153915957844
"2104",0.00356247526058843
"2105",0.00173308153849844
"2106",0.00811349345551291
"2107",-0.00177533701814401
"2108",0.00460037229817058
"2109",-0.00600738826139811
"2110",0.00586559012111137
"2111",-0.00153457515876945
"2112",0.00312115766575234
"2113",0.00606967754101453
"2114",0.000749739348429731
"2115",0.00302012244372383
"2116",0.00220575363249102
"2117",-0.00292288702051832
"2118",0.0062366420237552
"2119",0.00266954513272287
"2120",0.000231516316112332
"2121",-0.00653882208617355
"2122",0.00682649518883529
"2123",-0.00288101078354232
"2124",-0.00522168973879951
"2125",-0.00710378051767774
"2126",-0.012312030075188
"2127",-0.00761252259967647
"2128",0.0102838239524404
"2129",0.0099418673626764
"2130",0.00164458227610188
"2131",-0.00480836890744472
"2132",-0.00983996794645181
"2133",0.00127346083810384
"2134",0.00731011529775359
"2135",0.00212401911617196
"2136",0.00549896967912863
"2137",-0.00961448379239271
"2138",0.00686996724645568
"2139",0.00229002254791424
"2140",0.00717072656332395
"2141",-0.00632859851789803
"2142",0.00334835801674164
"2143",-0.00235703200662767
"2144",0.00170762231137207
"2145",-0.000280226516434128
"2146",0.00642365774751535
"2147",0.00598809344210919
"2148",-0.00108436097684767
"2149",0.00103934498169602
"2150",0.000149971736095786
"2151",0.00620559195349263
"2152",-0.000424146548364077
"2153",-1.14682844593825e-05
"2154",-0.00419744024955273
"2155",-0.0129909017620638
"2156",-0.00768943548575286
"2157",-0.00198722998953484
"2158",-0.00756415392228475
"2159",0.00314607275144839
"2160",-0.000213025314508215
"2161",0.0044389729992069
"2162",0.00505574280528911
"2163",-0.00200508893917904
"2164",0.0109032803834948
"2165",0.000790330079032983
"2166",0.00126585218562729
"2167",-0.00369996636394218
"2168",0.010209783696943
"2169",0.00994526073177758
"2170",0.00535155982564634
"2171",-0.000783138683646051
"2172",-0.00172652718144439
"2173",-0.00548437748901986
"2174",0.00332936707702161
"2175",-0.0022008096242659
"2176",0.0089597952046811
"2177",0.00371519833269151
"2178",-0.00195228744893585
"2179",0.00656935131895844
"2180",-0.003538451169374
"2181",0.00818424701545553
"2182",-0.00038017286683893
"2183",0.00200225953310442
"2184",-0.000267922927504531
"2185",-0.00642070705942786
"2186",-0.00476516930961229
"2187",-0.00128733555417542
"2188",0.0011533112470461
"2189",-0.00579379510520318
"2190",-0.0037600817902988
"2191",-0.00618023010524637
"2192",0.00639076608878234
"2193",0.00600816289303875
"2194",0.00310513253476276
"2195",0.001174942100209
"2196",0.000733477019600737
"2197",0.00113887510712191
"2198",0.00328884383623362
"2199",0.000235751091752089
"2200",-0.00127948999977558
"2201",-0.000471994965387054
"2202",-0.00956803310022261
"2203",-0.0101145406454688
"2204",0.00038990825688064
"2205",-0.000710732054015609
"2206",-0.00768595420547884
"2207",0.0115604263485237
"2208",0.00770268108157535
"2209",0.00221148611867167
"2210",-0.00613323375315433
"2211",-0.00372314383631828
"2212",0.00227423373180039
"2213",0.00833513870993499
"2214",0.00485118509136966
"2215",0.00770866859477163
"2216",-0.00228932615638903
"2217",-0.000514881185569809
"2218",0.004333949269276
"2219",0.00351241051716061
"2220",2.22229629876034e-05
"2221",-0.00164446271625236
"2222",0.00372839478692511
"2223",-0.0120750449071919
"2224",-0.00298551017430431
"2225",0.00146345307381427
"2226",0.00456379761918151
"2227",0.00478923987601684
"2228",0.00459936522078063
"2229",0.00226144022703095
"2230",0.00349511126841557
"2231",0.00127854686535579
"2232",0.0024547576064462
"2233",0.00577596714506913
"2234",-0.0041378707979868
"2235",0.00555835726971742
"2236",0.00364147796033627
"2237",0.00569224919884837
"2238",0.00567083247820786
"2239",0.0110628974050524
"2240",0.000393056706397329
"2241",-0.00167779889774985
"2242",0.00524395562315845
"2243",-0.00742809980318708
"2244",-0.0015457762995181
"2245",-0.000202863579581305
"2246",-0.0180158052114481
"2247",-0.00841734364294804
"2248",-0.0127112602682636
"2249",-0.00366585203288156
"2250",0.00870777121195235
"2251",-0.0103458566833572
"2252",0.00791869101468703
"2253",-0.00377864456362743
"2254",0.00568390376294446
"2255",-0.00764262171787558
"2256",-0.00754544542647919
"2257",-0.00218987938818147
"2258",0.00366906393850387
"2259",-0.00171568902295441
"2260",0.00875044931703806
"2261",0.00798414306871707
"2262",-0.0031484754750331
"2263",-0.0031030088103286
"2264",-0.00501361792007107
"2265",-0.00757508044333227
"2266",-0.00962556008375915
"2267",-0.00861647588409828
"2268",0.00762501003290801
"2269",-0.000728282391497385
"2270",0.0181520030974561
"2271",-0.000760558339298473
"2272",-0.000559659726886021
"2273",-0.00498376077948267
"2274",-0.0137880578535651
"2275",-0.00832001826067107
"2276",-0.000759572337756528
"2277",0.00232651885977539
"2278",-0.00241304422765358
"2279",-0.00753308683783126
"2280",0.00922669823474115
"2281",0.00435842590675964
"2282",-0.00262202731946368
"2283",0.00781788125086097
"2284",0.00418047819202866
"2285",-0.0109691909796272
"2286",0.0161832341235707
"2287",-0.00054176072234749
"2288",0.00463004788147074
"2289",0.00252916975787408
"2290",0.00267976274569169
"2291",0.00503209357457566
"2292",0.000233655258355966
"2293",0.00466088968486153
"2294",-0.000121794587891356
"2295",-0.00157244892309407
"2296",0.00385967636391867
"2297",-0.00140314436919264
"2298",0.00389449460081435
"2299",0.00230338564627038
"2300",-0.0038814668206058
"2301",0.00473551748498766
"2302",0.00573494028850491
"2303",0.00479556055624125
"2304",-0.00343545476288842
"2305",-0.00212728819845955
"2306",-0.00408872757485989
"2307",0.00635586243235241
"2308",0.000665386796980593
"2309",0.00336832466725543
"2310",-0.00285726701866464
"2311",0.00689670200363897
"2312",0.000692520775623346
"2313",-2.16262975779579e-05
"2314",-0.00536343779060961
"2315",-0.00496836337544295
"2316",-0.00827096421742699
"2317",-0.00495769434161822
"2318",0.00239154985717142
"2319",-0.0117745819250227
"2320",0.00590155139267662
"2321",0.0106115827370105
"2322",0.0100163824476916
"2323",-0.00499662537284175
"2324",-0.00100653151428289
"2325",0.00811512304103558
"2326",-0.00249858775474736
"2327",-0.00763433599790908
"2328",0.000329232558905205
"2329",0.00686772498381811
"2330",0.00691894483367298
"2331",0.000973899493572146
"2332",0.00295128753972898
"2333",0.00302883319859867
"2334",-0.00038686382393399
"2335",-0.00264459256073957
"2336",0.00246836398128785
"2337",-0.00152683246776981
"2338",-0.00736584788016495
"2339",0.0036777070201894
"2340",-0.00407497081585898
"2341",0.00795537177525265
"2342",-0.00507149625290727
"2343",0.00201296522764913
"2344",-0.0108762569259184
"2345",-0.00622406639004142
"2346",0.00928469398967145
"2347",-0.00156768820423499
"2348",0.00355464448103289
"2349",0.00407444831969751
"2350",0.000324633164523946
"2351",0.00341835962008614
"2352",0.00465728023458895
"2353",0.00691061272668747
"2354",-6.39427073342309e-05
"2355",0.00568060706825256
"2356",0.000890198281069393
"2357",-0.00495526496902948
"2358",0.00378816093299418
"2359",-0.00373146194862883
"2360",0.000117044934614549
"2361",0.00672397650863894
"2362",0.00378339533310792
"2363",0.00277947400560102
"2364",0.00172185708586189
"2365",0.00172937847185836
"2366",0.00908187287470568
"2367",0.00349429196520228
"2368",0.00380243852035539
"2369",-0.000957302260468453
"2370",-0.00568749678017626
"2371",0.00924323596157628
"2372",0.000965141947738675
"2373",8.20605401634601e-05
"2374",0.00332317917474382
"2375",0.00107338914956915
"2376",-0.00251210097420496
"2377",-0.00549754299754306
"2378",0.00690734278331936
"2379",-0.0033533032081296
"2380",0.0079498594670003
"2381",0.00385707452600732
"2382",0.00364963503649634
"2383",0.00107070707070702
"2384",-0.00164470365063666
"2385",0.00986426528405242
"2386",0.00363294268357369
"2387",-0.00156558505015852
"2388",-0.00203745318352053
"2389",0.00163128871808726
"2390",-0.00911234562967114
"2391",-0.00255112330093172
"2392",-0.00395272900049527
"2393",0.00359288730107177
"2394",0.00570376812766725
"2395",-0.0106992739778371
"2396",-0.0130511678965665
"2397",0.00631320933489876
"2398",0.00980442324815014
"2399",-0.00796602783042294
"2400",-0.00742723455554069
"2401",-0.00279962122771631
"2402",-0.00905206226002225
"2403",-0.0137906610976283
"2404",0.00784723762449431
"2405",-0.00142518810387102
"2406",-0.00782873334032962
"2407",-0.00465391775258078
"2408",0.00701351695995916
"2409",-0.00888523067831665
"2410",-0.0236153403888333
"2411",-0.0233795690482421
"2412",0.00020098258150961
"2413",-0.00252294090066756
"2414",0.0147394574268063
"2415",-0.0203046245133397
"2416",0.022785608141577
"2417",0.0043147096376524
"2418",0.00480031563719261
"2419",-0.0107436574245762
"2420",-0.015391909324454
"2421",-0.00305707662848116
"2422",-0.00776160309116236
"2423",0.00687141288474817
"2424",-0.00784763446663077
"2425",-0.00936019762935423
"2426",0.0185197895218485
"2427",-0.00284145149878143
"2428",0.0142590047980538
"2429",0.00154355261404517
"2430",0.0126065793704472
"2431",0.00029563770147163
"2432",0.000284604017295126
"2433",0.00641271161401165
"2434",-0.00208770537257922
"2435",-0.00964314900572057
"2436",0.00860380679942784
"2437",-0.00317436076446458
"2438",0.00308598067431957
"2439",0.00564022560902447
"2440",0.00625949229767844
"2441",-0.00590790991515467
"2442",-0.0069407541563188
"2443",-0.00309056558442269
"2444",0.00778870801656331
"2445",0.00221746361294383
"2446",0.00238609125714486
"2447",0.013525064649809
"2448",-0.000672566749581006
"2449",0.00307666011452009
"2450",-0.000798756070546166
"2451",-0.00837765532236921
"2452",-0.0128661256516365
"2453",0.00729545504039724
"2454",-0.0155121719202664
"2455",0.00613793330624896
"2456",0.012975816308713
"2457",0.00286573081522506
"2458",0.00068752887084118
"2459",0.00805144335541218
"2460",0.00197016006219319
"2461",0.00480411538379778
"2462",-9.51998138314788e-05
"2463",-0.0153497868379015
"2464",-0.00593050989492691
"2465",0.00480945896288619
"2466",0.00511987609039377
"2467",0.00510449773668501
"2468",0.000532345300455657
"2469",0.00541639176793582
"2470",-0.00800143941238107
"2471",-0.00894086015769211
"2472",0.00502750594795938
"2473",0.000407044003599243
"2474",0.00230207507976946
"2475",0.00376032219124234
"2476",0.000468279392513883
"2477",-0.00472315302377521
"2478",-0.00410427421682111
"2479",0.0119020788391985
"2480",0.00454998621216302
"2481",0.000411761600591263
"2482",-0.00296557401270665
"2483",0.00511257184592428
"2484",-0.00298032773073846
"2485",-0.00614747604913764
"2486",0.000935264796845693
"2487",-0.00433217596279427
"2488",-0.00861673651768678
"2489",0.00062390413390281
"2490",-0.0015480375399104
"2491",0.0158704523186581
"2492",0.00346578202668756
"2493",0.00361224360463887
"2494",0.00344138076194483
"2495",0.00628231617145798
"2496",0.00119859087403341
"2497",-0.00867157327115075
"2498",-0.00327634729281301
"2499",-0.00540477896245091
"2500",-0.00591082910500733
"2501",-0.00439021791251523
"2502",-0.00421692549741532
"2503",-0.00224636980191106
"2504",0.00819778088979851
"2505",0.00314132769176535
"2506",0.00062842839644243
"2507",0.00638678361577104
"2508",-0.000317312574039613
"2509",-0.00567111750640118
"2510",0.00343697461107927
"2511",0.00184515540662339
"2512",0.00820322836729299
"2513",0.00575328083989503
"2514",0.000866406396793236
"2515",0.000865656386562493
"2516",0.0114313700971198
"2517",0.00955069492381072
"2518",0.00336775931746743
"2519",-0.00132224007811383
"2520",0.00911516682282963
"2521",0.000252313716782957
"2522",0.0063667917827017
"2523",-0.00104272150312314
"2524",-0.00472725447884783
"2525",-0.00910612722358926
"2526",0.0123344969011103
"2527",-0.00217144350728332
"2528",0.0065083570932025
"2529",0.00816792288519852
"2530",0.00319701347312824
"2531",-0.00313734028760595
"2532",-0.00221397085103847
"2533",0.00525367906786989
"2534",-0.00357323144839591
"2535",0.00367544800731107
"2536",-0.00597794889051643
"2537",0.000149351813131017
"2538",0.0054455494828221
"2539",0.00320804784347893
"2540",0.00671140939597322
"2541",-0.00236274509803921
"2542",-0.0120382472312031
"2543",-0.0013527761752244
"2544",0.00948226060280083
"2545",-0.00334484459792796
"2546",0.00729623506350802
"2547",9.82820301135246e-05
"2548",-0.0024862910041471
"2549",-0.00150731491059545
"2550",-0.00833727997474148
"2551",-0.00714378103017704
"2552",-0.0104821172674344
"2553",-0.0082740042332114
"2554",0.000296141984763968
"2555",-0.00972895717421268
"2556",0.00579369497536131
"2557",-0.0028391619859783
"2558",0.00401903645913628
"2559",0.0121419357480703
"2560",0.0327722932513351
"2561",-0.00646399749275245
"2562",0.00180395094830638
"2563",-0.00513643027935481
"2564",0.014855842935562
"2565",0.00384963988811676
"2566",0.00112619172443253
"2567",-0.00298686941174182
"2568",0.00508705378854193
"2569",-0.000958067606669735
"2570",0.0119243660034486
"2571",-0.00129229885607625
"2572",-0.0134956388383016
"2573",0.00150599483103711
"2574",0.00561715998719411
"2575",-0.000810372771474909
"2576",-0.0036979106322173
"2577",0.00270377656533168
"2578",-0.00583755363977268
"2579",-0.0114520143101571
"2580",0.000688393682512766
"2581",-0.000933605880734294
"2582",0.0128072712249534
"2583",-0.00608956615483227
"2584",-0.00153416197623511
"2585",0.00596012879358767
"2586",0.00309374635171419
"2587",0.00108626074137304
"2588",-0.00349745199480715
"2589",0.00395694994020822
"2590",0.00285675550046484
"2591",0.00249133344277171
"2592",0.00368918385235568
"2593",-0.00996161228406907
"2594",-0.0198522711851263
"2595",-0.00168127064501455
"2596",-0.00314035504834371
"2597",0.00749301877229774
"2598",-0.00234757992128702
"2599",0.00229378207092927
"2600",0.00568187422934642
"2601",0.00228541161930735
"2602",-0.00434510295153843
"2603",-0.0134853548260271
"2604",-0.00704407779371905
"2605",-0.00175595267958376
"2606",-0.00420159620449115
"2607",-0.00113053660112241
"2608",0.00223331581713088
"2609",-0.00753198826340784
"2610",-0.00844254800365745
"2611",0.00228485947601921
"2612",-0.0107644497147881
"2613",0.00242846366088313
"2614",-0.00781411075831935
"2615",0.00625480539450994
"2616",-0.00652568974062454
"2617",0.0161407666084644
"2618",0.00565618958974723
"2619",-0.0132116921950327
"2620",0.00632839635962611
"2621",0.00267316693466612
"2622",0.000980612474207886
"2623",-0.00273486131803989
"2624",-0.00870802038352126
"2625",-0.0138425806451612
"2626",0.00682479536081396
"2627",0.0208866155157714
"2628",0.00286165283364739
"2629",-0.00404159389089723
"2630",-0.00584228879055453
"2631",0.0029536946823241
"2632",-0.0150624277811297
"2633",0.00329111295681071
"2634",0.000558792181048688
"2635",0.00559514329151624
"2636",0.00407273325654106
"2637",0.00194616298602857
"2638",-0.00311803553538196
"2639",0.00680934849712347
"2640",-0.00684478034570226
"2641",-0.0135172555253577
"2642",0.000644577749591916
"2643",-0.011168947209841
"2644",0.0489839662092587
"2645",0.0273448455466966
"2646",-0.00234970653042918
"2647",-0.00946982653310538
"2648",0.00988594656458433
"2649",-0.00496297309443336
"2650",-0.00410407461953846
"2651",-0.0088532218629229
"2652",-0.00345156862355032
"2653",-0.0119077325401499
"2654",-0.00513162413883665
"2655",0.0148549032349775
"2656",-0.00662337792274052
"2657",0.00893369726147432
"2658",0.00139756823127744
"2659",0.00795502123332737
"2660",0.000138460321228044
"2661",0.0118367185491366
"2662",0.00730041144219775
"2663",-0.00390026195789257
"2664",0.000525967195231112
"2665",-0.0026479235217382
"2666",0.000273304050756384
"2667",0.00608911180936405
"2668",0.00874861787356211
"2669",0.00441329179646926
"2670",0.00244105568478801
"2671",0.00499436582058477
"2672",0.0015013160270237
"2673",-0.00229603696429762
"2674",0.00256758941392404
"2675",0.00352850787748869
"2676",-0.00730630724297971
"2677",0.00326585797802452
"2678",-0.00523873245451705
"2679",-0.00107806939713977
"2680",0.0030180317848411
"2681",-0.00254237288135589
"2682",0.00551774173532026
"2683",0.00351273604162108
"2684",-0.00199619681932998
"2685",-0.00117546686889748
"2686",0.00880739517491408
"2687",-0.00178749506086889
"2688",0.00278029103521075
"2689",0.00375943382926537
"2690",-0.00629219374713257
"2691",0.000866885900854625
"2692",-0.00473549929861889
"2693",0.00430398425971483
"2694",-0.00212864153111502
"2695",-0.00722072773608935
"2696",-0.000104582620270107
"2697",-0.00396504673430385
"2698",0.00327440048877352
"2699",0.00657500356820022
"2700",0.00568128107689107
"2701",-0.00225591472642329
"2702",0.00802660461435547
"2703",0.00481312909466444
"2704",-0.0571460460963223
"2705",0.00108513366873828
"2706",0.0647221127315727
"2707",-0.00322079075966236
"2708",-0.00492107706592387
"2709",0.00658766445833725
"2710",0.00533019392635979
"2711",-0.00759790135637291
"2712",-0.00362362604179249
"2713",0.00514747708346939
"2714",-0.00078857768417935
"2715",-0.0150319393894377
"2716",0.00139510769665844
"2717",-0.000131785791609105
"2718",0.0105442529114377
"2719",0.00171419521329617
"2720",0.00526399003004011
"2721",0.00425575220420217
"2722",0.000644870058683112
"2723",-0.000810171332823851
"2724",0.00187043333241183
"2725",-0.0093439034708554
"2726",-0.00384336879630147
"2727",-0.00493923805263551
"2728",0.00542266843988231
"2729",0.0061293117099662
"2730",-0.0088231754173185
"2731",-0.00479179510172061
"2732",0.00450513867379984
"2733",-0.00660593319317924
"2734",-0.00424199100810769
"2735",-0.0198267637696355
"2736",0.016469431809421
"2737",0.00783109113835237
"2738",0.00802423261808236
"2739",-0.00510470715592231
"2740",-0.0014632910917464
"2741",0.00251754295322819
"2742",0.00626868189016217
"2743",0.00119191731073657
"2744",-0.00677095928123658
"2745",-0.00370821237943628
"2746",-0.00313927477113374
"2747",0.0102866302093154
"2748",-0.00139989360808571
"2749",-0.0150092055214438
"2750",-0.00536078561601592
"2751",-0.00932939044166741
"2752",-0.00326426067865808
"2753",-0.0322471573618773
"2754",-0.00767656600948332
"2755",0.0157133372231052
"2756",-0.004417241106093
"2757",0.00161158751318111
"2758",-0.0172222001509673
"2759",-0.044477008590197
"2760",-0.00320468751652594
"2761",-0.0682257071918171
"2762",0.0258608909538125
"2763",-0.0364092488372351
"2764",-0.0302625364313937
"2765",-0.0267165597529105
"2766",-0.0625160195774493
"2767",0.0376778762905389
"2768",-0.0940993438139091
"2769",0.0201515172499757
"2770",0.0483179016535882
"2771",0.0311589416838262
"2772",-0.00943194805521024
"2773",-0.0156709605436657
"2774",0.022760059766088
"2775",-0.0249234915557347
"2776",-0.0256638768340567
"2777",0.0618661929822236
"2778",0.00426944971537
"2779",0.0354026303358775
"2780",-0.000852402333901577
"2781",-0.00336445453780807
"2782",0.00610057509373908
"2783",0.0210308092367793
"2784",-0.00449509412703624
"2785",-0.0202308390610815
"2786",0.0179892906563984
"2787",0.0112411347517731
"2788",-0.0134072073967576
"2789",0.0117293019288186
"2790",0.00858374124645748
"2791",0.0149198276963091
"2792",0.0273646638905413
"2793",-0.0455102222618147
"2794",-0.0135212384941143
"2795",0.00720215709926908
"2796",-0.00892364413446529
"2797",0.0059710687502222
"2798",-0.000117770371330041
"2799",-0.00207300267370233
"2800",0.0149188551195044
"2801",-0.0188279896265801
"2802",-0.00224013274860741
"2803",-0.0266330882265595
"2804",0.000500372228121054
"2805",0.0193217858014148
"2806",0.00277631515963828
"2807",-0.00468996133466992
"2808",-0.000347709315012776
"2809",0.0204380262431934
"2810",0.0174310632595971
"2811",0.00841025404050316
"2812",0.0272886618016016
"2813",0.0124901027087909
"2814",0.00319414919981062
"2815",-0.000933235252138294
"2816",0.0126818761264233
"2817",0.00230059685295702
"2818",-0.0094952469630367
"2819",0.00615401431928734
"2820",-0.0171758213106206
"2821",0.00373616898979747
"2822",-0.0112108364076868
"2823",0.00711684319556279
"2824",-0.00297480813040503
"2825",0.017924287631576
"2826",0.014949930807536
"2827",0.00771914756562358
"2828",0.0115805846757009
"2829",-0.0106897241735209
"2830",-0.00488630556974965
"2831",0.00980989976143866
"2832",-0.00366548721317037
"2833",-0.00148860156515822
"2834",0.0133747923499595
"2835",0.00667269135387337
"2836",0.00318374930844782
"2837",0.0142970115707983
"2838",0.00326227456451725
"2839",-0.0048570493680724
"2840",0.0103780273527811
"2841",-0.00569505039102625
"2842",0.00390708901412489
"2843",-0.0154045215123328
"2844",0.000558769052472427
"2845",0.00856300739438444
"2846",0.013022569034997
"2847",0.0101525411719454
"2848",0.0118141007655616
"2849",-0.00183213666749184
"2850",0.00881039785693016
"2851",0.000285214107279808
"2852",-0.00101271298927305
"2853",0.0112889256328492
"2854",-0.00451577113604732
"2855",-0.00966887287729628
"2856",0.00180655096842971
"2857",-0.0136281668489668
"2858",0.0139463325940578
"2859",0.00310363174177782
"2860",0.00834896718364789
"2861",0.00307815193991748
"2862",0.00286477300315612
"2863",0.00100706884864916
"2864",-0.00446920889198434
"2865",0.00189482276119396
"2866",-0.00839904177213962
"2867",0.00425465322131046
"2868",0.0107814873972496
"2869",0.000211980767563142
"2870",-0.00793796059920054
"2871",0.00522426467018198
"2872",0.00609549937692598
"2873",-0.00179548727796459
"2874",0.00576166520781436
"2875",0.00173103039345075
"2876",0.00838242173701345
"2877",-0.0213215175012544
"2878",0.00858090917006066
"2879",0.00337630448127689
"2880",-0.00139568675435914
"2881",-0.0111906722061611
"2882",0.00118110617370006
"2883",-0.00294928201904953
"2884",-0.00352051207448356
"2885",0.0125745763866585
"2886",0.0012879785465066
"2887",-0.000316780739731036
"2888",0.00685615517572497
"2889",0.00552196387357667
"2890",-0.00808096136883143
"2891",0.000315544888650914
"2892",-0.0207907163477165
"2893",-0.00924452601060132
"2894",-0.000344854766878284
"2895",-0.0255280562208619
"2896",0.0169722961149827
"2897",0.013615793923119
"2898",0.0024530486488608
"2899",0.000890724717121432
"2900",0.0124101510928561
"2901",0.00588269386808851
"2902",0.0131178396857864
"2903",0.00478677523009706
"2904",0.00749028338553259
"2905",0.00862375699919467
"2906",0.000631272106128093
"2907",0.000278326699880198
"2908",0.00160457070777337
"2909",-0.0182053893879062
"2910",0.00628159661963326
"2911",0.00861374074421217
"2912",-0.000455352247488522
"2913",0.00224990702863522
"2914",-0.00177176675757409
"2915",0.00239752441664881
"2916",-0.00945591411805056
"2917",0.00711284148658379
"2918",-0.00985047719056945
"2919",-0.00546227557274125
"2920",-0.00115130182037804
"2921",-0.000784165525060215
"2922",0.0122822942077495
"2923",0.00738831133652774
"2924",0.0150298557282201
"2925",0.0119116129091192
"2926",0.0151294943896296
"2927",0.00972850879923163
"2928",0.00795265396707976
"2929",-0.00369593709043252
"2930",0.00372718742052318
"2931",0.00484045713486878
"2932",0.00619098134010402
"2933",0.00271349314713349
"2934",-0.0116088665195808
"2935",0.00497885512490734
"2936",0.00519712639689043
"2937",0.00850200681886841
"2938",-0.0132574460801096
"2939",0.0061756771994345
"2940",0.000724119203813722
"2941",0.00820936022121342
"2942",0.00218728639781272
"2943",0.00152605374437311
"2944",0.0074824430729943
"2945",0.00601585075282629
"2946",0.00481245695664584
"2947",0.00962060866439882
"2948",-0.00476860667273787
"2949",0.000815212870381145
"2950",0.00219429483343304
"2951",0.00234706740976646
"2952",0.00866298744818351
"2953",0.00529916493035618
"2954",0.002619296298714
"2955",-0.0270116298942811
"2956",0.00756980109406629
"2957",0.00803592923733389
"2958",0.00913305936900355
"2959",0.00811190180844813
"2960",0.00582044847405484
"2961",0.00289740762501106
"2962",-0.000914861687357977
"2963",-0.0011647054098559
"2964",0.00834740651387222
"2965",0.0044342361310492
"2966",-0.000119100552626569
"2967",-0.0015405506277347
"2968",0.00907464111027165
"2969",0.00749550742457197
"2970",0.00597682805667042
"2971",0.00136090395128728
"2972",0.000264044856561672
"2973",-0.00914596273291934
"2974",-0.0101706602309947
"2975",0.0178984199360376
"2976",0.0080724812380914
"2977",-0.0038650548128031
"2978",-0.0127786124750238
"2979",-0.00913141709551892
"2980",-0.0183994679671914
"2981",-0.00919473480449091
"2982",-0.011502393279281
"2983",0.0396521481335079
"2984",0.0208006590307813
"2985",0.00879942889068212
"2986",0.00536898297001683
"2987",0.00173674868404948
"2988",0.0117848332327713
"2989",0.00217401150414429
"2990",0.00115997047347883
"2991",0.00343826175930658
"2992",-0.000374888470679845
"2993",0.0100357777727773
"2994",-0.00192334825970411
"2995",-0.00685257659856246
"2996",-0.00408297810175222
"2997",-0.00908707949690075
"2998",-0.0181282643021985
"2999",0.00285294572444719
"3000",0.014941137469258
"3001",0.00941912842677774
"3002",-0.0329227087675995
"3003",0.0104892928286854
"3004",0.00833975050053903
"3005",0.0194817592387526
"3006",-0.0108694023701439
"3007",-0.0093454405004431
"3008",0.00226284124181052
"3009",0.00858090843217269
"3010",0.00415185661347657
"3011",-0.0093463574812281
"3012",-0.00310176526935194
"3013",-0.00104476473728362
"3014",-0.0109013458734436
"3015",-0.0102882722957589
"3016",0.010504398278121
"3017",-0.00387408453530286
"3018",0.00615136701348816
"3019",-0.0133286106983085
"3020",-0.013235523646012
"3021",0.00794027395526866
"3022",0.0184153537128868
"3023",-0.00778150159867476
"3024",0.010832006833094
"3025",-0.00975572284529121
"3026",0.00283143278256155
"3027",0.00956874879133626
"3028",0.000605308324138836
"3029",-0.000214409875106401
"3030",-0.0273431217113577
"3031",0.00855165245328493
"3032",0.00295130349237569
"3033",0.00310609776034004
"3034",-0.0124712857763705
"3035",-0.00559532884344859
"3036",0.00661466606605174
"3037",-0.0023788214235244
"3038",0.00731087344870192
"3039",0.00959375000000007
"3040",0.0113907202773391
"3041",0.001308339709258
"3042",-0.0124550129516852
"3043",7.73748268719952e-06
"3044",-0.00825583014809411
"3045",0.00707626292178648
"3046",0.00484188345392851
"3047",0.00658407025064194
"3048",0.00716906273695826
"3049",-0.00445637543061829
"3050",-0.00728739372550823
"3051",-0.00110805881945571
"3052",0.0126489642793867
"3053",0.0111901411129282
"3054",-0.00428057716323359
"3055",-0.00558338433176941
"3056",0.0143065538148278
"3057",0.00194006037407949
"3058",0.000426136363636486
"3059",0.00621744621385918
"3060",0.0032900355739739
"3061",0.00477452402806962
"3062",0.0105792819938558
"3063",0.000918548110779853
"3064",0.00182084356040466
"3065",0.0047692095180627
"3066",-0.000781447849209537
"3067",0.00291823862936915
"3068",-0.000101083032491047
"3069",-0.00523518622821075
"3070",0.00532080922757532
"3071",0.00449838982194168
"3072",0.000230022211519877
"3073",0.00391666487003132
"3074",-0.00309247354932916
"3075",-0.00618977179704438
"3076",-0.00132947976878611
"3077",0.00218498581929728
"3078",0.00183369670367743
"3079",-0.0038840688323292
"3080",0.00533881200581626
"3081",0.00402961769002168
"3082",-0.00322508976499858
"3083",-0.00299825281670395
"3084",-0.00146397046097022
"3085",-0.000476668520377597
"3086",0.00272408685284859
"3087",0.00441731761450436
"3088",0.000918319761810915
"3089",0.00177044433135253
"3090",-0.00535918717801943
"3091",-0.00246023695966495
"3092",-0.000302879518854262
"3093",0.00623976570220794
"3094",0.00255211768416843
"3095",0.00428322178365075
"3096",0.000484168405163397
"3097",-0.00928014802690086
"3098",-0.00660867316519539
"3099",0.00934984923096952
"3100",0.00124656121045397
"3101",-0.00150975257230364
"3102",-0.00336087483070216
"3103",-0.00182631329182179
"3104",0.00388261395724073
"3105",-0.00101174630282063
"3106",0.00649322664521409
"3107",0.0122532577822816
"3108",0.00759995205967163
"3109",0.00250488031849766
"3110",-0.00192631160183984
"3111",0.00141955063879781
"3112",0.000935714984009152
"3113",-0.0013185433235663
"3114",0.0047572144099586
"3115",0.00927470938316927
"3116",0.00391965060689154
"3117",0.00227810752393038
"3118",-0.0010269259997125
"3119",-0.00761391750104505
"3120",0.00416419209148778
"3121",0.00740669422112798
"3122",-0.000177491364362342
"3123",-0.000129728253448078
"3124",0.00383772304204412
"3125",0.012312673891009
"3126",0.0098445700308441
"3127",-0.00121108878212372
"3128",0.00851455068755991
"3129",0.00477624955408467
"3130",0.00366213666278748
"3131",-0.00213554836427472
"3132",-0.000426710781996729
"3133",0.00125440849057225
"3134",-0.00165295761344412
"3135",0.0021616010302099
"3136",0.00770335210547353
"3137",0.00530883634991479
"3138",-0.00246566831907431
"3139",-0.00972486230139934
"3140",0.0090735184287417
"3141",0.000720652872548439
"3142",0.0124433948799128
"3143",0.00121751166248012
"3144",0.000716818350549741
"3145",-0.00668338044743483
"3146",-0.00130059943468994
"3147",-0.00556375756716158
"3148",-0.00363700015559345
"3149",0.00901182273061476
"3150",0.00591983078827903
"3151",-0.00966087569716011
"3152",0.00818860327673586
"3153",0.00369828183989536
"3154",0.00273150635858852
"3155",0.00297924734132468
"3156",0.00932463203958839
"3157",0.00834362632653583
"3158",0.00776211189440522
"3159",-0.00204031007751943
"3160",-0.00545609336258155
"3161",-0.00564223364970677
"3162",-0.00173432198064586
"3163",0.000579111693020348
"3164",0.006920154004882
"3165",-0.00329884540410869
"3166",-0.0132892031492904
"3167",-0.0122992478145963
"3168",0.0127868683750129
"3169",-0.0033214784707227
"3170",-0.00305218017421012
"3171",0.0053113295580922
"3172",0.00883087819237207
"3173",-0.00209858959654141
"3174",-0.000877830054627617
"3175",-0.00541066710491381
"3176",0.0103145853193519
"3177",0.000585005000849134
"3178",-0.00479675103416195
"3179",-0.00491462574935403
"3180",-0.00661482304396129
"3181",-0.0181489363061802
"3182",0.00292886756962562
"3183",-0.0058990349983451
"3184",0.00642364737831633
"3185",-0.0239738467126771
"3186",-3.32287734594838e-05
"3187",-0.00447938750689524
"3188",0.00979351505076996
"3189",0.011067036890123
"3190",-0.010004315587116
"3191",-0.0144381918575467
"3192",0.0136511680896407
"3193",0.0143400218174607
"3194",0.00308947752633219
"3195",-0.000370375183563061
"3196",-0.00546018291612771
"3197",-0.00283658276743288
"3198",-0.00551233228679864
"3199",0.00224747241738402
"3200",-0.0136124208408135
"3201",-0.0199403988079762
"3202",0.00759832931989164
"3203",0.00939084409578539
"3204",0.0041935872226011
"3205",-0.00327025928960101
"3206",0.00541262946876046
"3207",0.00888608267978193
"3208",-0.0010738025125662
"3209",-0.000342931004919691
"3210",0.00870156087134367
"3211",0.00374098272738571
"3212",0.00806004965042708
"3213",0.00442763880809257
"3214",-0.00736831944399762
"3215",0.0021847649918962
"3216",0.00933454947699362
"3217",0.00185861693264111
"3218",0.00743346980552716
"3219",0.00395600767071786
"3220",0.00188482337686981
"3221",0.00316913189775452
"3222",-0.00973537648280417
"3223",-0.00840758016751616
"3224",-0.00889544012561288
"3225",-0.00780487174015657
"3226",-0.0233837330552659
"3227",0.00644636040893687
"3228",-0.00905064382235548
"3229",-0.00180658802432879
"3230",0.0124142831287748
"3231",0.0107723375376569
"3232",0.0118235055220029
"3233",-0.0101639832456125
"3234",-0.00199480696154914
"3235",-0.0159248191255112
"3236",0.0026637897737111
"3237",0.0113441638660485
"3238",0.00561502594076305
"3239",-0.010305306122449
"3240",-0.0255036391350539
"3241",0.0249861188228764
"3242",-0.00235842824300417
"3243",0.00019865576267259
"3244",-0.00178754675758868
"3245",-0.00187696899353351
"3246",-0.0046115408128006
"3247",-0.00158880625909558
"3248",-0.0309909066595346
"3249",0.0111643953769191
"3250",0.00500876875729295
"3251",-0.00749607881746631
"3252",-0.00634864167801165
"3253",-0.0129987262900617
"3254",-0.0181993205773001
"3255",0.00557023900872496
"3256",0.0184975835853376
"3257",0.0123968088796393
"3258",0.00252163604843182
"3259",0.0123919209869792
"3260",-0.0107009276387745
"3261",0.015491391017723
"3262",0.0153693137907166
"3263",-0.00675094314646906
"3264",0.0100952888651963
"3265",-0.00478279513144437
"3266",-0.000981042025719372
"3267",-0.000988640586018372
"3268",0.00199252140300081
"3269",0.00395723272107812
"3270",0.00825300409349003
"3271",-0.000183354069805645
"3272",0.00859957296865391
"3273",0.0224228059352577
"3274",-0.00290889690564503
"3275",-0.00711510287279456
"3276",-0.00813482771230425
"3277",0.00730894861097651
"3278",-0.00435354929848798
"3279",-0.00607518525445468
"3280",-0.00342601304220887
"3281",-0.0154114606053897
"3282",-0.0129943129215712
"3283",0.00968141770794944
"3284",0.011134704711347
"3285",-0.00969956292903162
"3286",-0.0117958913187541
"3287",0.0108838519313304
"3288",-0.00697213137591787
"3289",0.00800309969804652
"3290",-0.00410895354231544
"3291",-0.00259532840886414
"3292",-0.0206631972244463
"3293",0.000742592807068999
"3294",-0.0156509544427199
"3295",-0.00536678815710292
"3296",-0.00439447353233627
"3297",-0.00464434123686135
"3298",-0.01912012349144
"3299",-0.00278979934904672
"3300",0.00342885836232566
"3301",0.0238199066362603
"3302",-0.00230422790908782
"3303",-0.0224866151100535
"3304",0.0232544819290909
"3305",-0.00146935348446669
"3306",-0.00262770653773387
"3307",-0.00496715495134733
"3308",0.00718078346089774
"3309",0.00841249255143881
"3310",0.0171851645868818
"3311",-0.00291832117935729
"3312",-0.00217972444992792
"3313",0.00640919957134609
"3314",-0.00211596873826833
"3315",-0.000567734874653705
"3316",-0.00839766754270699
"3317",-0.00245021913931732
"3318",0.00696741161004639
"3319",-0.0153844039660018
"3320",-0.0233638990076624
"3321",-0.00415862808145762
"3322",-0.00100453475690249
"3323",-0.0188755135461259
"3324",-0.00313323572474376
"3325",0.00194606820785488
"3326",0.0161466464375497
"3327",-0.0119734564339296
"3328",0.00907431741860143
"3329",0.0076832365091192
"3330",0.00823491402520007
"3331",3.56044206450373e-05
"3332",-0.00428661962303384
"3333",-0.00139450066149406
"3334",0.00128902893153829
"3335",0.00588613932198546
"3336",-0.00293651301522302
"3337",0.00999786065749137
"3338",0.0064957071848169
"3339",0.00385824120321014
"3340",-0.00027952090117533
"3341",-0.00581566034306819
"3342",-0.00580046403712289
"3343",-0.000940560800537532
"3344",0.00545755705306087
"3345",0.0132847095597812
"3346",0.00227888556937402
"3347",0.00857491438949656
"3348",0.00458434997766247
"3349",0.00805955036192716
"3350",-0.00234152300800868
"3351",-0.00814313412020819
"3352",0.00888215201854612
"3353",0.0139163658365796
"3354",0.011935094542041
"3355",0.010654651470978
"3356",-0.000118011119269909
"3357",0.00242607042161173
"3358",0.00105965463108324
"3359",0.000496595705753933
"3360",0.00737339829412622
"3361",0.00162077706535621
"3362",0.00637552832741079
"3363",0.00265625602963694
"3364",0.00535616921645967
"3365",0.00690997256428251
"3366",0.000678017653805449
"3367",-0.0101760385005066
"3368",-0.0134537754377434
"3369",0.006290123857078
"3370",0.00241654852429437
"3371",-0.00360001285718879
"3372",0.000129036420529577
"3373",-0.0127213495468179
"3374",0.0220330233986526
"3375",-0.0109452418246331
"3376",-0.000988991810113518
"3377",0.0069233257845357
"3378",-0.00247397506747199
"3379",-0.000676393854478811
"3380",0.00818668213756211
"3381",0.00297314578005117
"3382",0.00487680489592953
"3383",0.00607117934403346
"3384",-0.00371404970142571
"3385",-0.00296206281092159
"3386",-0.0192979115089189
"3387",0.00425917535115533
"3388",0.00841132338154541
"3389",-0.00417377742836501
"3390",-0.00232991014120667
"3391",-0.0160965535876272
"3392",-0.0171118449014286
"3393",-0.00116419856570744
"3394",-0.00809228535462861
"3395",-0.00100719810915345
"3396",0.0143502399548322
"3397",-0.0128617150278638
"3398",0.0218698815884863
"3399",0.00358010904552333
"3400",0.00157093765341175
"3401",-0.00339835963794387
"3402",-0.0146758910128201
"3403",0.00697471665213602
"3404",-0.00469250850930245
"3405",0.00820080347953128
"3406",0.00353026411117698
